{
  "token_acc":0.9994966021,
  "token_p":0.9974830103,
  "token_r":0.9984882842,
  "token_f":0.9979853941,
  "tag_acc":0.9259259259,
  "pos_acc":0.9332325523,
  "morph_acc":0.9244142101,
  "morph_micro_p":0.946655495,
  "morph_micro_r":0.9272329367,
  "morph_micro_f":0.93684356,
  "morph_per_feat":{
    "NumType":{
      "p":0.9846153846,
      "r":0.9275362319,
      "f":0.9552238806
    },
    "Degree":{
      "p":0.8978873239,
      "r":0.8793103448,
      "f":0.8885017422
    },
    "Number":{
      "p":0.9424678274,
      "r":0.9174649963,
      "f":0.929798357
    },
    "Definite":{
      "p":0.9320046893,
      "r":0.8902575588,
      "f":0.910652921
    },
    "Gender":{
      "p":0.9210526316,
      "r":0.889292196,
      "f":0.9048938135
    },
    "Mood":{
      "p":0.9558823529,
      "r":0.9512195122,
      "f":0.9535452323
    },
    "Tense":{
      "p":0.9270216963,
      "r":0.94,
      "f":0.9334657398
    },
    "VerbForm":{
      "p":0.9345047923,
      "r":0.9285714286,
      "f":0.9315286624
    },
    "Voice":{
      "p":0.9657142857,
      "r":0.9441340782,
      "f":0.9548022599
    },
    "AdpType":{
      "p":0.9952718676,
      "r":0.9976303318,
      "f":0.9964497041
    },
    "PronType":{
      "p":0.9815668203,
      "r":0.9793103448,
      "f":0.9804372842
    },
    "Case":{
      "p":0.981981982,
      "r":0.9396551724,
      "f":0.9603524229
    },
    "Person":{
      "p":0.9818181818,
      "r":0.9773755656,
      "f":0.9795918367
    },
    "Number[psor]":{
      "p":0.9722222222,
      "r":0.9459459459,
      "f":0.9589041096
    },
    "Poss":{
      "p":0.9722222222,
      "r":0.9459459459,
      "f":0.9589041096
    },
    "PartType":{
      "p":1.0,
      "r":1.0,
      "f":1.0
    },
    "Reflex":{
      "p":1.0,
      "r":1.0,
      "f":1.0
    },
    "Style":{
      "p":1.0,
      "r":0.75,
      "f":0.8571428571
    },
    "Polite":{
      "p":0.0,
      "r":0.0,
      "f":0.0
    }
  },
  "sents_p":0.7733333333,
  "sents_r":0.8055555556,
  "sents_f":0.7891156463,
  "dep_uas":0.7469489781,
  "dep_las":0.687150838,
  "dep_las_per_type":{
    "nummod":{
      "p":0.7857142857,
      "r":0.6226415094,
      "f":0.6947368421
    },
    "amod":{
      "p":0.6844660194,
      "r":0.7121212121,
      "f":0.698019802
    },
    "nmod":{
      "p":0.5355191257,
      "r":0.5536723164,
      "f":0.5444444444
    },
    "nsubj":{
      "p":0.7768595041,
      "r":0.746031746,
      "f":0.7611336032
    },
    "flat":{
      "p":0.8181818182,
      "r":0.96,
      "f":0.8834355828
    },
    "cc":{
      "p":0.7829457364,
      "r":0.7769230769,
      "f":0.7799227799
    },
    "conj":{
      "p":0.538961039,
      "r":0.5570469799,
      "f":0.5478547855
    },
    "root":{
      "p":0.6740088106,
      "r":0.7083333333,
      "f":0.690744921
    },
    "advmod":{
      "p":0.6280701754,
      "r":0.6280701754,
      "f":0.6280701754
    },
    "mark":{
      "p":0.871657754,
      "r":0.815,
      "f":0.842377261
    },
    "aux":{
      "p":0.8253968254,
      "r":0.8188976378,
      "f":0.8221343874
    },
    "ccomp":{
      "p":0.375,
      "r":0.5357142857,
      "f":0.4411764706
    },
    "case":{
      "p":0.8617886179,
      "r":0.8548387097,
      "f":0.8582995951
    },
    "det":{
      "p":0.818627451,
      "r":0.847715736,
      "f":0.8329177057
    },
    "obl":{
      "p":0.6313364055,
      "r":0.5684647303,
      "f":0.5982532751
    },
    "nmod:poss":{
      "p":0.5185185185,
      "r":0.4117647059,
      "f":0.4590163934
    },
    "obj":{
      "p":0.6145833333,
      "r":0.6276595745,
      "f":0.6210526316
    },
    "cop":{
      "p":0.6575342466,
      "r":0.6857142857,
      "f":0.6713286713
    },
    "acl:relcl":{
      "p":0.58,
      "r":0.4328358209,
      "f":0.4957264957
    },
    "compound:prt":{
      "p":0.3157894737,
      "r":0.4285714286,
      "f":0.3636363636
    },
    "advcl":{
      "p":0.3833333333,
      "r":0.3108108108,
      "f":0.3432835821
    },
    "fixed":{
      "p":0.6818181818,
      "r":0.75,
      "f":0.7142857143
    },
    "iobj":{
      "p":0.0909090909,
      "r":0.25,
      "f":0.1333333333
    },
    "appos":{
      "p":0.375,
      "r":0.4,
      "f":0.3870967742
    },
    "obl:tmod":{
      "p":0.0,
      "r":0.0,
      "f":0.0
    },
    "xcomp":{
      "p":0.3,
      "r":0.4444444444,
      "f":0.3582089552
    },
    "dep":{
      "p":0.0476190476,
      "r":0.2,
      "f":0.0769230769
    },
    "advmod:lmod":{
      "p":0.5,
      "r":0.5555555556,
      "f":0.5263157895
    },
    "expl":{
      "p":0.6363636364,
      "r":0.5833333333,
      "f":0.6086956522
    },
    "obl:lmod":{
      "p":0.0,
      "r":0.0,
      "f":0.0
    },
    "discourse":{
      "p":0.0,
      "r":0.0,
      "f":0.0
    },
    "list":{
      "p":0.0,
      "r":0.0,
      "f":0.0
    },
    "parataxis":{
      "p":0.0,
      "r":0.0,
      "f":0.0
    },
    "orphan":{
      "p":0.0,
      "r":0.0,
      "f":0.0
    }
  },
  "ents_p":0.6218905473,
  "ents_r":0.550660793,
  "ents_f":0.5841121495,
  "ents_per_type":{
    "MISC":{
      "p":0.5833333333,
      "r":0.4772727273,
      "f":0.525
    },
    "ORG":{
      "p":0.6382978723,
      "r":0.4285714286,
      "f":0.5128205128
    },
    "PER":{
      "p":0.6621621622,
      "r":0.6447368421,
      "f":0.6533333333
    },
    "LOC":{
      "p":0.5681818182,
      "r":0.6756756757,
      "f":0.6172839506
    }
  },
  "speed":32657.2335260159
}