{
  "token_acc":0.9994966021,
  "token_p":0.9974830103,
  "token_r":0.9984882842,
  "token_f":0.9979853941,
  "tag_acc":0.9274376417,
  "pos_acc":0.9304610733,
  "morph_acc":0.9206349206,
  "morph_micro_p":0.943311924,
  "morph_micro_r":0.9240869922,
  "morph_micro_f":0.9336004975,
  "morph_per_feat":{
    "NumType":{
      "p":1.0,
      "r":0.9130434783,
      "f":0.9545454545
    },
    "Degree":{
      "p":0.9003558719,
      "r":0.8724137931,
      "f":0.8861646235
    },
    "Number":{
      "p":0.9353869271,
      "r":0.9174649963,
      "f":0.9263392857
    },
    "Definite":{
      "p":0.9303135889,
      "r":0.8969764838,
      "f":0.913340935
    },
    "Gender":{
      "p":0.9141791045,
      "r":0.889292196,
      "f":0.9015639374
    },
    "Mood":{
      "p":0.9578163772,
      "r":0.9414634146,
      "f":0.9495694957
    },
    "Tense":{
      "p":0.9392712551,
      "r":0.928,
      "f":0.9336016097
    },
    "VerbForm":{
      "p":0.9386106624,
      "r":0.9222222222,
      "f":0.9303442754
    },
    "Voice":{
      "p":0.9581749049,
      "r":0.938547486,
      "f":0.9482596425
    },
    "AdpType":{
      "p":0.9951690821,
      "r":0.9763033175,
      "f":0.985645933
    },
    "PronType":{
      "p":0.9724770642,
      "r":0.9747126437,
      "f":0.9735935706
    },
    "Case":{
      "p":0.9565217391,
      "r":0.9482758621,
      "f":0.9523809524
    },
    "Person":{
      "p":0.963963964,
      "r":0.9683257919,
      "f":0.9661399549
    },
    "Number[psor]":{
      "p":1.0,
      "r":0.972972973,
      "f":0.9863013699
    },
    "Poss":{
      "p":1.0,
      "r":0.972972973,
      "f":0.9863013699
    },
    "PartType":{
      "p":1.0,
      "r":1.0,
      "f":1.0
    },
    "Reflex":{
      "p":0.9655172414,
      "r":1.0,
      "f":0.9824561404
    },
    "Style":{
      "p":1.0,
      "r":0.75,
      "f":0.8571428571
    },
    "Polite":{
      "p":0.0,
      "r":0.0,
      "f":0.0
    }
  },
  "sents_p":0.8073394495,
  "sents_r":0.8148148148,
  "sents_f":0.8110599078,
  "dep_uas":0.7569955817,
  "dep_las":0.6997496687,
  "dep_las_per_type":{
    "nummod":{
      "p":0.8043478261,
      "r":0.6981132075,
      "f":0.7474747475
    },
    "amod":{
      "p":0.7727272727,
      "r":0.6868686869,
      "f":0.7272727273
    },
    "nmod":{
      "p":0.5524475524,
      "r":0.4463276836,
      "f":0.49375
    },
    "nsubj":{
      "p":0.7965116279,
      "r":0.7248677249,
      "f":0.7590027701
    },
    "flat":{
      "p":0.7157894737,
      "r":0.9066666667,
      "f":0.8
    },
    "cc":{
      "p":0.8045112782,
      "r":0.8230769231,
      "f":0.8136882129
    },
    "conj":{
      "p":0.5161290323,
      "r":0.5369127517,
      "f":0.5263157895
    },
    "root":{
      "p":0.7239819005,
      "r":0.7407407407,
      "f":0.7322654462
    },
    "advmod":{
      "p":0.6,
      "r":0.6421052632,
      "f":0.6203389831
    },
    "mark":{
      "p":0.8823529412,
      "r":0.825,
      "f":0.8527131783
    },
    "aux":{
      "p":0.8606557377,
      "r":0.8267716535,
      "f":0.843373494
    },
    "ccomp":{
      "p":0.4444444444,
      "r":0.4285714286,
      "f":0.4363636364
    },
    "case":{
      "p":0.8385416667,
      "r":0.8655913978,
      "f":0.8518518519
    },
    "det":{
      "p":0.8457711443,
      "r":0.8629441624,
      "f":0.8542713568
    },
    "obl":{
      "p":0.5642023346,
      "r":0.601659751,
      "f":0.5823293173
    },
    "nmod:poss":{
      "p":0.5416666667,
      "r":0.3823529412,
      "f":0.4482758621
    },
    "obj":{
      "p":0.64,
      "r":0.7659574468,
      "f":0.6973365617
    },
    "cop":{
      "p":0.6753246753,
      "r":0.7428571429,
      "f":0.7074829932
    },
    "acl:relcl":{
      "p":0.5555555556,
      "r":0.5223880597,
      "f":0.5384615385
    },
    "compound:prt":{
      "p":0.4285714286,
      "r":0.4285714286,
      "f":0.4285714286
    },
    "advcl":{
      "p":0.5081967213,
      "r":0.4189189189,
      "f":0.4592592593
    },
    "fixed":{
      "p":0.9285714286,
      "r":0.65,
      "f":0.7647058824
    },
    "iobj":{
      "p":0.6666666667,
      "r":0.5,
      "f":0.5714285714
    },
    "dep":{
      "p":0.023255814,
      "r":0.1,
      "f":0.0377358491
    },
    "appos":{
      "p":0.5,
      "r":0.2,
      "f":0.2857142857
    },
    "obl:tmod":{
      "p":0.4,
      "r":0.1818181818,
      "f":0.25
    },
    "xcomp":{
      "p":0.2916666667,
      "r":0.2592592593,
      "f":0.2745098039
    },
    "list":{
      "p":0.1666666667,
      "r":0.3333333333,
      "f":0.2222222222
    },
    "advmod:lmod":{
      "p":0.6666666667,
      "r":0.7777777778,
      "f":0.7179487179
    },
    "expl":{
      "p":0.8181818182,
      "r":0.75,
      "f":0.7826086957
    },
    "discourse":{
      "p":0.0,
      "r":0.0,
      "f":0.0
    },
    "parataxis":{
      "p":0.0,
      "r":0.0,
      "f":0.0
    },
    "orphan":{
      "p":0.0,
      "r":0.0,
      "f":0.0
    }
  },
  "ents_p":0.6146341463,
  "ents_r":0.5550660793,
  "ents_f":0.5833333333,
  "ents_per_type":{
    "MISC":{
      "p":0.6774193548,
      "r":0.4772727273,
      "f":0.56
    },
    "ORG":{
      "p":0.58,
      "r":0.4142857143,
      "f":0.4833333333
    },
    "PER":{
      "p":0.6144578313,
      "r":0.6710526316,
      "f":0.641509434
    },
    "LOC":{
      "p":0.6097560976,
      "r":0.6756756757,
      "f":0.641025641
    }
  },
  "speed":32429.8175057062
}