{
  "token_acc":0.9994966021,
  "token_p":0.9974830103,
  "token_r":0.9984882842,
  "token_f":0.9979853941,
  "tag_acc":0.9304610733,
  "pos_acc":0.9358699761,
  "morph_acc":0.9212747197,
  "morph_micro_p":0.9419723811,
  "morph_micro_r":0.9236766516,
  "morph_micro_f":0.9327348066,
  "morph_per_feat":{
    "NumType":{
      "p":0.9850746269,
      "r":0.9565217391,
      "f":0.9705882353
    },
    "Degree":{
      "p":0.8862068966,
      "r":0.8862068966,
      "f":0.8862068966
    },
    "Number":{
      "p":0.9342301943,
      "r":0.9211495947,
      "f":0.9276437848
    },
    "Definite":{
      "p":0.924330617,
      "r":0.889137738,
      "f":0.9063926941
    },
    "Gender":{
      "p":0.9114043355,
      "r":0.8774954628,
      "f":0.8941285252
    },
    "Mood":{
      "p":0.9722921914,
      "r":0.9414634146,
      "f":0.9566294919
    },
    "Tense":{
      "p":0.9318637275,
      "r":0.93,
      "f":0.9309309309
    },
    "VerbForm":{
      "p":0.9296,
      "r":0.9222222222,
      "f":0.9258964143
    },
    "Voice":{
      "p":0.9731285988,
      "r":0.9441340782,
      "f":0.9584120983
    },
    "AdpType":{
      "p":0.9952606635,
      "r":0.9952606635,
      "f":0.9952606635
    },
    "PronType":{
      "p":0.9769053118,
      "r":0.9724137931,
      "f":0.9746543779
    },
    "Case":{
      "p":0.943231441,
      "r":0.9310344828,
      "f":0.9370932755
    },
    "Person":{
      "p":0.9771689498,
      "r":0.9683257919,
      "f":0.9727272727
    },
    "Number[psor]":{
      "p":0.972972973,
      "r":0.972972973,
      "f":0.972972973
    },
    "Poss":{
      "p":0.972972973,
      "r":0.972972973,
      "f":0.972972973
    },
    "PartType":{
      "p":1.0,
      "r":0.9811320755,
      "f":0.9904761905
    },
    "Reflex":{
      "p":1.0,
      "r":1.0,
      "f":1.0
    },
    "Style":{
      "p":1.0,
      "r":0.75,
      "f":0.8571428571
    },
    "Polite":{
      "p":0.0,
      "r":0.0,
      "f":0.0
    }
  },
  "sents_p":0.8396226415,
  "sents_r":0.8240740741,
  "sents_f":0.8317757009,
  "dep_uas":0.761624485,
  "dep_las":0.7012948793,
  "dep_las_per_type":{
    "nummod":{
      "p":0.829787234,
      "r":0.7358490566,
      "f":0.78
    },
    "amod":{
      "p":0.6519823789,
      "r":0.7474747475,
      "f":0.6964705882
    },
    "nmod":{
      "p":0.577540107,
      "r":0.6101694915,
      "f":0.5934065934
    },
    "nsubj":{
      "p":0.7932960894,
      "r":0.7513227513,
      "f":0.7717391304
    },
    "flat":{
      "p":0.7816091954,
      "r":0.9066666667,
      "f":0.8395061728
    },
    "cc":{
      "p":0.75,
      "r":0.7846153846,
      "f":0.7669172932
    },
    "conj":{
      "p":0.5949367089,
      "r":0.6308724832,
      "f":0.6123778502
    },
    "root":{
      "p":0.7122641509,
      "r":0.6990740741,
      "f":0.7056074766
    },
    "advmod":{
      "p":0.6182432432,
      "r":0.6421052632,
      "f":0.6299483649
    },
    "mark":{
      "p":0.8641304348,
      "r":0.795,
      "f":0.828125
    },
    "aux":{
      "p":0.8571428571,
      "r":0.8503937008,
      "f":0.8537549407
    },
    "ccomp":{
      "p":0.6363636364,
      "r":0.5,
      "f":0.56
    },
    "case":{
      "p":0.8506666667,
      "r":0.8575268817,
      "f":0.8540829987
    },
    "det":{
      "p":0.8177339901,
      "r":0.8426395939,
      "f":0.83
    },
    "obl":{
      "p":0.5913043478,
      "r":0.5643153527,
      "f":0.5774946921
    },
    "nmod:poss":{
      "p":0.7391304348,
      "r":0.5,
      "f":0.5964912281
    },
    "obj":{
      "p":0.6759776536,
      "r":0.6436170213,
      "f":0.659400545
    },
    "cop":{
      "p":0.7183098592,
      "r":0.7285714286,
      "f":0.7234042553
    },
    "acl:relcl":{
      "p":0.5471698113,
      "r":0.4328358209,
      "f":0.4833333333
    },
    "compound:prt":{
      "p":0.4285714286,
      "r":0.2142857143,
      "f":0.2857142857
    },
    "advcl":{
      "p":0.4,
      "r":0.3513513514,
      "f":0.3741007194
    },
    "fixed":{
      "p":0.7272727273,
      "r":0.8,
      "f":0.7619047619
    },
    "iobj":{
      "p":0.2222222222,
      "r":0.5,
      "f":0.3076923077
    },
    "appos":{
      "p":0.5,
      "r":0.3333333333,
      "f":0.4
    },
    "obl:tmod":{
      "p":1.0,
      "r":0.0909090909,
      "f":0.1666666667
    },
    "xcomp":{
      "p":0.4,
      "r":0.4444444444,
      "f":0.4210526316
    },
    "dep":{
      "p":0.0444444444,
      "r":0.2,
      "f":0.0727272727
    },
    "advmod:lmod":{
      "p":0.6,
      "r":0.6666666667,
      "f":0.6315789474
    },
    "expl":{
      "p":0.7777777778,
      "r":0.5833333333,
      "f":0.6666666667
    },
    "obl:lmod":{
      "p":0.0,
      "r":0.0,
      "f":0.0
    },
    "list":{
      "p":0.0,
      "r":0.0,
      "f":0.0
    },
    "discourse":{
      "p":0.0,
      "r":0.0,
      "f":0.0
    },
    "parataxis":{
      "p":0.0,
      "r":0.0,
      "f":0.0
    },
    "orphan":{
      "p":0.0,
      "r":0.0,
      "f":0.0
    }
  },
  "ents_p":0.6386138614,
  "ents_r":0.5682819383,
  "ents_f":0.6013986014,
  "ents_per_type":{
    "MISC":{
      "p":0.6666666667,
      "r":0.4545454545,
      "f":0.5405405405
    },
    "ORG":{
      "p":0.6744186047,
      "r":0.4142857143,
      "f":0.5132743363
    },
    "PER":{
      "p":0.6506024096,
      "r":0.7105263158,
      "f":0.679245283
    },
    "LOC":{
      "p":0.5652173913,
      "r":0.7027027027,
      "f":0.6265060241
    }
  },
  "speed":32371.0228748059
}