{
  "token_acc":0.9991230634,
  "token_p":0.9972230342,
  "token_r":0.9978063761,
  "token_f":0.9975146199,
  "tag_acc":0.9455822118,
  "pos_acc":0.9479227618,
  "morph_acc":0.9352644284,
  "morph_micro_p":0.9532821284,
  "morph_micro_r":0.9425350348,
  "morph_micro_f":0.9478781198,
  "morph_per_feat":{
    "NumType":{
      "p":1.0,
      "r":0.9435483871,
      "f":0.9709543568
    },
    "Degree":{
      "p":0.9266802444,
      "r":0.8956692913,
      "f":0.9109109109
    },
    "Number":{
      "p":0.943858168,
      "r":0.9355648536,
      "f":0.9396932129
    },
    "Definite":{
      "p":0.9370179949,
      "r":0.9263024142,
      "f":0.931629393
    },
    "Gender":{
      "p":0.9265715795,
      "r":0.9135416667,
      "f":0.9200104904
    },
    "Mood":{
      "p":0.9732394366,
      "r":0.9610570236,
      "f":0.967109867
    },
    "Tense":{
      "p":0.9500567537,
      "r":0.9511363636,
      "f":0.9505962521
    },
    "VerbForm":{
      "p":0.9434822242,
      "r":0.9417652411,
      "f":0.9426229508
    },
    "Voice":{
      "p":0.972826087,
      "r":0.9623655914,
      "f":0.9675675676
    },
    "AdpType":{
      "p":0.995862069,
      "r":0.9917582418,
      "f":0.9938059188
    },
    "PronType":{
      "p":0.9785522788,
      "r":0.9785522788,
      "f":0.9785522788
    },
    "Case":{
      "p":0.9850746269,
      "r":0.9473684211,
      "f":0.9658536585
    },
    "Person":{
      "p":0.9868766404,
      "r":0.9690721649,
      "f":0.977893368
    },
    "Number[psor]":{
      "p":0.9824561404,
      "r":0.9655172414,
      "f":0.9739130435
    },
    "Poss":{
      "p":0.9824561404,
      "r":0.9655172414,
      "f":0.9739130435
    },
    "PartType":{
      "p":1.0,
      "r":0.9944134078,
      "f":0.9971988796
    },
    "Reflex":{
      "p":1.0,
      "r":1.0,
      "f":1.0
    },
    "Style":{
      "p":1.0,
      "r":0.75,
      "f":0.8571428571
    },
    "Polite":{
      "p":0.0,
      "r":0.0,
      "f":0.0
    },
    "Foreign":{
      "p":0.0,
      "r":0.0,
      "f":0.0
    }
  },
  "sents_p":0.9051282051,
  "sents_r":0.8914141414,
  "sents_f":0.8982188295,
  "dep_uas":0.8012995896,
  "dep_las":0.7500427423,
  "dep_las_per_type":{
    "nummod":{
      "p":0.7215189873,
      "r":0.7215189873,
      "f":0.7215189873
    },
    "amod":{
      "p":0.7787114846,
      "r":0.8034682081,
      "f":0.7908961593
    },
    "nmod":{
      "p":0.5408805031,
      "r":0.5695364238,
      "f":0.5548387097
    },
    "nsubj":{
      "p":0.8222940226,
      "r":0.7794793262,
      "f":0.8003144654
    },
    "flat":{
      "p":0.8487394958,
      "r":0.814516129,
      "f":0.8312757202
    },
    "cc":{
      "p":0.8142857143,
      "r":0.8221153846,
      "f":0.8181818182
    },
    "conj":{
      "p":0.6072874494,
      "r":0.6550218341,
      "f":0.6302521008
    },
    "root":{
      "p":0.8251928021,
      "r":0.8106060606,
      "f":0.8178343949
    },
    "advmod":{
      "p":0.6894409938,
      "r":0.7130620985,
      "f":0.7010526316
    },
    "mark":{
      "p":0.9015873016,
      "r":0.8711656442,
      "f":0.8861154446
    },
    "aux":{
      "p":0.8820960699,
      "r":0.8898678414,
      "f":0.8859649123
    },
    "ccomp":{
      "p":0.7021276596,
      "r":0.6,
      "f":0.6470588235
    },
    "case":{
      "p":0.8730650155,
      "r":0.8785046729,
      "f":0.8757763975
    },
    "det":{
      "p":0.8657142857,
      "r":0.915407855,
      "f":0.8898678414
    },
    "obl":{
      "p":0.6554216867,
      "r":0.6252873563,
      "f":0.64
    },
    "nmod:poss":{
      "p":0.5967741935,
      "r":0.5606060606,
      "f":0.578125
    },
    "obj":{
      "p":0.7154471545,
      "r":0.7457627119,
      "f":0.7302904564
    },
    "cop":{
      "p":0.7419354839,
      "r":0.8070175439,
      "f":0.7731092437
    },
    "acl:relcl":{
      "p":0.6203703704,
      "r":0.5537190083,
      "f":0.5851528384
    },
    "compound:prt":{
      "p":0.4347826087,
      "r":0.4,
      "f":0.4166666667
    },
    "advcl":{
      "p":0.5454545455,
      "r":0.5454545455,
      "f":0.5454545455
    },
    "fixed":{
      "p":0.8648648649,
      "r":0.7619047619,
      "f":0.8101265823
    },
    "iobj":{
      "p":0.3333333333,
      "r":0.2,
      "f":0.25
    },
    "dep":{
      "p":0.0847457627,
      "r":0.2631578947,
      "f":0.1282051282
    },
    "appos":{
      "p":0.5,
      "r":0.2272727273,
      "f":0.3125
    },
    "obl:tmod":{
      "p":0.3333333333,
      "r":0.1428571429,
      "f":0.2
    },
    "xcomp":{
      "p":0.5925925926,
      "r":0.3720930233,
      "f":0.4571428571
    },
    "advmod:lmod":{
      "p":0.6153846154,
      "r":0.6666666667,
      "f":0.64
    },
    "list":{
      "p":0.1333333333,
      "r":0.125,
      "f":0.1290322581
    },
    "expl":{
      "p":0.7916666667,
      "r":0.7916666667,
      "f":0.7916666667
    },
    "discourse":{
      "p":0.0,
      "r":0.0,
      "f":0.0
    },
    "obl:lmod":{
      "p":0.0,
      "r":0.0,
      "f":0.0
    },
    "parataxis":{
      "p":0.0,
      "r":0.0,
      "f":0.0
    },
    "orphan":{
      "p":0.0,
      "r":0.0,
      "f":0.0
    },
    "vocative":{
      "p":0.0,
      "r":0.0,
      "f":0.0
    }
  },
  "ents_p":0.6390532544,
  "ents_r":0.577540107,
  "ents_f":0.606741573,
  "ents_per_type":{
    "MISC":{
      "p":0.5625,
      "r":0.4675324675,
      "f":0.5106382979
    },
    "PER":{
      "p":0.6962962963,
      "r":0.734375,
      "f":0.7148288973
    },
    "LOC":{
      "p":0.5714285714,
      "r":0.75,
      "f":0.6486486486
    },
    "ORG":{
      "p":0.6909090909,
      "r":0.3619047619,
      "f":0.475
    }
  },
  "lemma_acc":0.0,
  "speed":42299.8111833636
}