{
  "token_acc":0.9992643453,
  "token_p":0.9977930358,
  "token_r":0.9981601864,
  "token_f":0.9979765773,
  "tag_acc":0.5582479602,
  "pos_acc":0.6063431691,
  "morph_acc":0.5658895706,
  "morph_micro_p":0.6685105018,
  "morph_micro_r":0.5395664833,
  "morph_micro_f":0.5971570769,
  "morph_per_feat":{
    "Definite":{
      "p":0.5552763819,
      "r":0.4510204082,
      "f":0.4977477477
    },
    "Gender":{
      "p":0.6080760095,
      "r":0.5439864003,
      "f":0.5742485419
    },
    "Number":{
      "p":0.6910066007,
      "r":0.5726495726,
      "f":0.626285287
    },
    "PartType":{
      "p":0.9589041096,
      "r":0.9375,
      "f":0.9480812641
    },
    "Mood":{
      "p":0.675,
      "r":0.4426229508,
      "f":0.5346534653
    },
    "Tense":{
      "p":0.6116207951,
      "r":0.3868471954,
      "f":0.4739336493
    },
    "VerbForm":{
      "p":0.6031927024,
      "r":0.4047436878,
      "f":0.4844322344
    },
    "Voice":{
      "p":0.6743295019,
      "r":0.4731182796,
      "f":0.5560821485
    },
    "PronType":{
      "p":0.8279069767,
      "r":0.7955307263,
      "f":0.8113960114
    },
    "Degree":{
      "p":0.5161290323,
      "r":0.2564102564,
      "f":0.3426124197
    },
    "AdpType":{
      "p":0.6637848223,
      "r":0.7970011534,
      "f":0.7243186583
    },
    "Case":{
      "p":0.8442822384,
      "r":0.6698841699,
      "f":0.7470398278
    },
    "Person":{
      "p":0.8588235294,
      "r":0.8004385965,
      "f":0.8286038593
    },
    "Reflex":{
      "p":0.9622641509,
      "r":0.9622641509,
      "f":0.9622641509
    },
    "Number[psor]":{
      "p":0.8983050847,
      "r":0.7910447761,
      "f":0.8412698413
    },
    "Poss":{
      "p":0.8983050847,
      "r":0.7910447761,
      "f":0.8412698413
    },
    "Style":{
      "p":1.0,
      "r":0.4,
      "f":0.5714285714
    },
    "NumType":{
      "p":0.5128205128,
      "r":0.1769911504,
      "f":0.2631578947
    },
    "Polite":{
      "p":1.0,
      "r":0.3333333333,
      "f":0.5
    },
    "Foreign":{
      "p":0.0,
      "r":0.0,
      "f":0.0
    }
  },
  "sents_p":0.8098434004,
  "sents_r":0.828375286,
  "sents_f":0.8190045249,
  "dep_uas":0.5401801546,
  "dep_las":0.436059295,
  "dep_las_per_type":{
    "nsubj":{
      "p":0.4126984127,
      "r":0.4476821192,
      "f":0.4294790343
    },
    "acl:relcl":{
      "p":0.3361344538,
      "r":0.2409638554,
      "f":0.2807017544
    },
    "mark":{
      "p":0.7024539877,
      "r":0.6378830084,
      "f":0.6686131387
    },
    "obj":{
      "p":0.323583181,
      "r":0.3942093541,
      "f":0.3554216867
    },
    "det":{
      "p":0.5853658537,
      "r":0.5811138015,
      "f":0.5832320778
    },
    "amod":{
      "p":0.4499089253,
      "r":0.5588235294,
      "f":0.4984863774
    },
    "advmod":{
      "p":0.2373188406,
      "r":0.241252302,
      "f":0.2392694064
    },
    "case":{
      "p":0.6646341463,
      "r":0.7142857143,
      "f":0.6885660139
    },
    "obl":{
      "p":0.224,
      "r":0.2213438735,
      "f":0.2226640159
    },
    "cop":{
      "p":0.546875,
      "r":0.5223880597,
      "f":0.534351145
    },
    "root":{
      "p":0.429844098,
      "r":0.4416475973,
      "f":0.4356659142
    },
    "cc":{
      "p":0.6627906977,
      "r":0.6380597015,
      "f":0.6501901141
    },
    "conj":{
      "p":0.2398921833,
      "r":0.2976588629,
      "f":0.2656716418
    },
    "nmod":{
      "p":0.3447204969,
      "r":0.2936507937,
      "f":0.3171428571
    },
    "aux":{
      "p":0.4664536741,
      "r":0.5407407407,
      "f":0.5008576329
    },
    "nmod:poss":{
      "p":0.2051282051,
      "r":0.0842105263,
      "f":0.1194029851
    },
    "iobj":{
      "p":0.0,
      "r":0.0,
      "f":0.0
    },
    "advcl":{
      "p":0.2169811321,
      "r":0.1932773109,
      "f":0.2044444444
    },
    "compound:prt":{
      "p":0.0909090909,
      "r":0.03125,
      "f":0.0465116279
    },
    "obl:tmod":{
      "p":0.2,
      "r":0.125,
      "f":0.1538461538
    },
    "nummod":{
      "p":0.5789473684,
      "r":0.5,
      "f":0.5365853659
    },
    "advmod:lmod":{
      "p":0.4761904762,
      "r":0.2040816327,
      "f":0.2857142857
    },
    "xcomp":{
      "p":0.2608695652,
      "r":0.1111111111,
      "f":0.1558441558
    },
    "vocative":{
      "p":0.0,
      "r":0.0,
      "f":0.0
    },
    "expl":{
      "p":0.4074074074,
      "r":0.511627907,
      "f":0.4536082474
    },
    "ccomp":{
      "p":0.3181818182,
      "r":0.2258064516,
      "f":0.2641509434
    },
    "flat":{
      "p":0.59375,
      "r":0.6597222222,
      "f":0.625
    },
    "dep":{
      "p":0.0,
      "r":0.0,
      "f":0.0
    },
    "list":{
      "p":0.3333333333,
      "r":0.0909090909,
      "f":0.1428571429
    },
    "fixed":{
      "p":0.64,
      "r":0.3333333333,
      "f":0.4383561644
    },
    "appos":{
      "p":0.2352941176,
      "r":0.1176470588,
      "f":0.1568627451
    },
    "acl":{
      "p":0.0,
      "r":0.0,
      "f":0.0
    },
    "obl:lmod":{
      "p":0.0,
      "r":0.0,
      "f":0.0
    },
    "orphan":{
      "p":0.0,
      "r":0.0,
      "f":0.0
    },
    "parataxis":{
      "p":0.0,
      "r":0.0,
      "f":0.0
    },
    "discourse":{
      "p":0.0,
      "r":0.0,
      "f":0.0
    }
  },
  "ents_p":null,
  "ents_r":null,
  "ents_f":null,
  "ents_per_type":null,
  "speed":48278.011936201
}