{
  "token_acc":0.9991230634,
  "token_p":0.9972230342,
  "token_r":0.9978063761,
  "token_f":0.9975146199,
  "tag_acc":0.9444119368,
  "pos_acc":0.9458747806,
  "morph_acc":0.9357811586,
  "morph_micro_p":0.9544700024,
  "morph_micro_r":0.94535348,
  "morph_micro_f":0.9498898678,
  "morph_per_feat":{
    "NumType":{
      "p":1.0,
      "r":0.9435483871,
      "f":0.9709543568
    },
    "Degree":{
      "p":0.9053254438,
      "r":0.9035433071,
      "f":0.9044334975
    },
    "Number":{
      "p":0.9468174204,
      "r":0.9460251046,
      "f":0.9464210967
    },
    "Definite":{
      "p":0.9343112245,
      "r":0.9307496823,
      "f":0.9325270528
    },
    "Gender":{
      "p":0.9249343832,
      "r":0.9177083333,
      "f":0.9213071895
    },
    "Mood":{
      "p":0.9773049645,
      "r":0.9582753825,
      "f":0.9676966292
    },
    "Tense":{
      "p":0.9519450801,
      "r":0.9454545455,
      "f":0.9486887115
    },
    "VerbForm":{
      "p":0.9527777778,
      "r":0.9363057325,
      "f":0.9444699403
    },
    "Voice":{
      "p":0.9811738649,
      "r":0.952688172,
      "f":0.966721222
    },
    "AdpType":{
      "p":0.9986130374,
      "r":0.989010989,
      "f":0.9937888199
    },
    "PronType":{
      "p":0.9825970549,
      "r":0.9839142091,
      "f":0.9832551909
    },
    "Case":{
      "p":0.9780487805,
      "r":0.9593301435,
      "f":0.9685990338
    },
    "Person":{
      "p":0.9896103896,
      "r":0.9819587629,
      "f":0.9857697283
    },
    "Number[psor]":{
      "p":1.0,
      "r":0.9827586207,
      "f":0.9913043478
    },
    "Poss":{
      "p":1.0,
      "r":0.9827586207,
      "f":0.9913043478
    },
    "PartType":{
      "p":0.9943820225,
      "r":0.9888268156,
      "f":0.9915966387
    },
    "Reflex":{
      "p":1.0,
      "r":1.0,
      "f":1.0
    },
    "Style":{
      "p":1.0,
      "r":0.75,
      "f":0.8571428571
    },
    "Polite":{
      "p":0.0,
      "r":0.0,
      "f":0.0
    },
    "Foreign":{
      "p":1.0,
      "r":0.2,
      "f":0.3333333333
    },
    "Abbr":{
      "p":0.0,
      "r":0.0,
      "f":0.0
    }
  },
  "sents_p":0.8567901235,
  "sents_r":0.8762626263,
  "sents_f":0.8664169788,
  "dep_uas":0.7985986499,
  "dep_las":0.7466256621,
  "dep_las_per_type":{
    "nummod":{
      "p":0.8260869565,
      "r":0.7215189873,
      "f":0.7702702703
    },
    "amod":{
      "p":0.8220858896,
      "r":0.774566474,
      "f":0.7976190476
    },
    "nmod":{
      "p":0.5239520958,
      "r":0.5794701987,
      "f":0.5503144654
    },
    "nsubj":{
      "p":0.8443396226,
      "r":0.8223583461,
      "f":0.8332040341
    },
    "flat":{
      "p":0.8496240602,
      "r":0.9112903226,
      "f":0.8793774319
    },
    "cc":{
      "p":0.7813953488,
      "r":0.8076923077,
      "f":0.7943262411
    },
    "conj":{
      "p":0.6309012876,
      "r":0.6419213974,
      "f":0.6363636364
    },
    "root":{
      "p":0.8143564356,
      "r":0.8308080808,
      "f":0.8225
    },
    "advmod":{
      "p":0.6624472574,
      "r":0.6723768737,
      "f":0.6673751328
    },
    "mark":{
      "p":0.8797468354,
      "r":0.8527607362,
      "f":0.8660436137
    },
    "aux":{
      "p":0.8765957447,
      "r":0.9074889868,
      "f":0.8917748918
    },
    "ccomp":{
      "p":0.593220339,
      "r":0.6363636364,
      "f":0.6140350877
    },
    "case":{
      "p":0.8639876352,
      "r":0.8707165109,
      "f":0.8673390225
    },
    "det":{
      "p":0.8550724638,
      "r":0.8912386707,
      "f":0.8727810651
    },
    "obl":{
      "p":0.6117647059,
      "r":0.5977011494,
      "f":0.6046511628
    },
    "nmod:poss":{
      "p":0.5797101449,
      "r":0.6060606061,
      "f":0.5925925926
    },
    "obj":{
      "p":0.7027027027,
      "r":0.7344632768,
      "f":0.7182320442
    },
    "cop":{
      "p":0.7927927928,
      "r":0.7719298246,
      "f":0.7822222222
    },
    "acl:relcl":{
      "p":0.6296296296,
      "r":0.5619834711,
      "f":0.5938864629
    },
    "compound:prt":{
      "p":0.375,
      "r":0.36,
      "f":0.3673469388
    },
    "advcl":{
      "p":0.5043478261,
      "r":0.5272727273,
      "f":0.5155555556
    },
    "fixed":{
      "p":0.8888888889,
      "r":0.7619047619,
      "f":0.8205128205
    },
    "iobj":{
      "p":0.2857142857,
      "r":0.2,
      "f":0.2352941176
    },
    "dep":{
      "p":0.0961538462,
      "r":0.2631578947,
      "f":0.1408450704
    },
    "appos":{
      "p":0.5,
      "r":0.2727272727,
      "f":0.3529411765
    },
    "obl:tmod":{
      "p":0.5,
      "r":0.0714285714,
      "f":0.125
    },
    "xcomp":{
      "p":0.5666666667,
      "r":0.3953488372,
      "f":0.4657534247
    },
    "advmod:lmod":{
      "p":0.65625,
      "r":0.5833333333,
      "f":0.6176470588
    },
    "expl":{
      "p":0.76,
      "r":0.7916666667,
      "f":0.7755102041
    },
    "discourse":{
      "p":0.0,
      "r":0.0,
      "f":0.0
    },
    "list":{
      "p":0.375,
      "r":0.1875,
      "f":0.25
    },
    "parataxis":{
      "p":0.0,
      "r":0.0,
      "f":0.0
    },
    "orphan":{
      "p":0.0,
      "r":0.0,
      "f":0.0
    },
    "obl:lmod":{
      "p":0.0,
      "r":0.0,
      "f":0.0
    },
    "vocative":{
      "p":0.0,
      "r":0.0,
      "f":0.0
    }
  },
  "ents_p":0.6697530864,
  "ents_r":0.5802139037,
  "ents_f":0.6217765043,
  "ents_per_type":{
    "MISC":{
      "p":0.65,
      "r":0.5064935065,
      "f":0.5693430657
    },
    "PER":{
      "p":0.7822580645,
      "r":0.7578125,
      "f":0.7698412698
    },
    "LOC":{
      "p":0.5340909091,
      "r":0.734375,
      "f":0.6184210526
    },
    "ORG":{
      "p":0.6538461538,
      "r":0.3238095238,
      "f":0.4331210191
    }
  },
  "speed":42450.699085583
}