{
  "token_acc":0.9991230634,
  "token_p":0.9972230342,
  "token_r":0.9978063761,
  "token_f":0.9975146199,
  "tag_acc":0.9778362958,
  "pos_acc":0.9776900007,
  "morph_acc":0.9746178041,
  "morph_micro_p":0.9878405053,
  "morph_micro_r":0.9794879825,
  "morph_micro_f":0.9836465131,
  "morph_per_feat":{
    "NumType":{
      "p":0.984,
      "r":0.9919354839,
      "f":0.9879518072
    },
    "Degree":{
      "p":0.9701195219,
      "r":0.9586614173,
      "f":0.9643564356
    },
    "Number":{
      "p":0.9847908745,
      "r":0.9753138075,
      "f":0.9800294303
    },
    "Definite":{
      "p":0.986521181,
      "r":0.9764930114,
      "f":0.9814814815
    },
    "Gender":{
      "p":0.9805774278,
      "r":0.9729166667,
      "f":0.9767320261
    },
    "Mood":{
      "p":0.9944289694,
      "r":0.9930458971,
      "f":0.993736952
    },
    "Tense":{
      "p":0.9874285714,
      "r":0.9818181818,
      "f":0.9846153846
    },
    "VerbForm":{
      "p":0.9899082569,
      "r":0.9818016379,
      "f":0.9858382823
    },
    "Voice":{
      "p":0.9945945946,
      "r":0.9892473118,
      "f":0.9919137466
    },
    "AdpType":{
      "p":0.9986225895,
      "r":0.9958791209,
      "f":0.9972489684
    },
    "PronType":{
      "p":0.991902834,
      "r":0.9852546917,
      "f":0.9885675857
    },
    "Case":{
      "p":0.99756691,
      "r":0.980861244,
      "f":0.9891435464
    },
    "Person":{
      "p":0.9947780679,
      "r":0.9819587629,
      "f":0.9883268482
    },
    "Number[psor]":{
      "p":0.9824561404,
      "r":0.9655172414,
      "f":0.9739130435
    },
    "Poss":{
      "p":1.0,
      "r":0.9827586207,
      "f":0.9913043478
    },
    "PartType":{
      "p":1.0,
      "r":0.9888268156,
      "f":0.9943820225
    },
    "Reflex":{
      "p":1.0,
      "r":1.0,
      "f":1.0
    },
    "Style":{
      "p":1.0,
      "r":0.5,
      "f":0.6666666667
    },
    "Polite":{
      "p":0.0,
      "r":0.0,
      "f":0.0
    },
    "Abbr":{
      "p":0.0,
      "r":0.0,
      "f":0.0
    },
    "Foreign":{
      "p":1.0,
      "r":0.2,
      "f":0.3333333333
    }
  },
  "lemma_acc":0.9382770221,
  "sents_p":0.8894230769,
  "sents_r":0.9343434343,
  "sents_f":0.9113300493,
  "dep_uas":0.8912616383,
  "dep_las":0.8586557349,
  "dep_las_per_type":{
    "nummod":{
      "p":0.8205128205,
      "r":0.8101265823,
      "f":0.8152866242
    },
    "amod":{
      "p":0.8728323699,
      "r":0.8728323699,
      "f":0.8728323699
    },
    "nmod":{
      "p":0.7418300654,
      "r":0.7516556291,
      "f":0.7467105263
    },
    "nsubj":{
      "p":0.9440993789,
      "r":0.9310872894,
      "f":0.9375481881
    },
    "flat":{
      "p":0.9274193548,
      "r":0.9274193548,
      "f":0.9274193548
    },
    "cc":{
      "p":0.8719211823,
      "r":0.8509615385,
      "f":0.8613138686
    },
    "conj":{
      "p":0.8185840708,
      "r":0.807860262,
      "f":0.8131868132
    },
    "root":{
      "p":0.8581730769,
      "r":0.9015151515,
      "f":0.8793103448
    },
    "advmod":{
      "p":0.8340517241,
      "r":0.8286937901,
      "f":0.8313641246
    },
    "mark":{
      "p":0.940625,
      "r":0.9233128834,
      "f":0.9318885449
    },
    "aux":{
      "p":0.9734513274,
      "r":0.9691629956,
      "f":0.9713024283
    },
    "ccomp":{
      "p":0.7164179104,
      "r":0.8727272727,
      "f":0.7868852459
    },
    "case":{
      "p":0.9261006289,
      "r":0.9174454829,
      "f":0.9217527387
    },
    "det":{
      "p":0.9341317365,
      "r":0.9425981873,
      "f":0.9383458647
    },
    "obl":{
      "p":0.8111380145,
      "r":0.7701149425,
      "f":0.7900943396
    },
    "nmod:poss":{
      "p":0.8028169014,
      "r":0.8636363636,
      "f":0.8321167883
    },
    "obj":{
      "p":0.8743169399,
      "r":0.9039548023,
      "f":0.8888888889
    },
    "cop":{
      "p":0.8761061947,
      "r":0.8684210526,
      "f":0.872246696
    },
    "acl:relcl":{
      "p":0.7008547009,
      "r":0.6776859504,
      "f":0.6890756303
    },
    "compound:prt":{
      "p":0.375,
      "r":0.36,
      "f":0.3673469388
    },
    "advcl":{
      "p":0.785046729,
      "r":0.7636363636,
      "f":0.7741935484
    },
    "fixed":{
      "p":0.9130434783,
      "r":1.0,
      "f":0.9545454545
    },
    "iobj":{
      "p":0.8,
      "r":0.4,
      "f":0.5333333333
    },
    "appos":{
      "p":0.5238095238,
      "r":0.5,
      "f":0.511627907
    },
    "obl:tmod":{
      "p":0.4615384615,
      "r":0.4285714286,
      "f":0.4444444444
    },
    "xcomp":{
      "p":0.7666666667,
      "r":0.5348837209,
      "f":0.6301369863
    },
    "dep":{
      "p":0.1044776119,
      "r":0.3684210526,
      "f":0.1627906977
    },
    "advmod:lmod":{
      "p":0.8108108108,
      "r":0.8333333333,
      "f":0.8219178082
    },
    "expl":{
      "p":0.875,
      "r":0.875,
      "f":0.875
    },
    "discourse":{
      "p":0.0,
      "r":0.0,
      "f":0.0
    },
    "list":{
      "p":0.3846153846,
      "r":0.3125,
      "f":0.3448275862
    },
    "parataxis":{
      "p":0.0,
      "r":0.0,
      "f":0.0
    },
    "orphan":{
      "p":0.0,
      "r":0.0,
      "f":0.0
    },
    "obl:lmod":{
      "p":0.0,
      "r":0.0,
      "f":0.0
    },
    "vocative":{
      "p":0.0,
      "r":0.0,
      "f":0.0
    }
  },
  "ents_p":0.812849162,
  "ents_r":0.7780748663,
  "ents_f":0.7950819672,
  "ents_per_type":{
    "MISC":{
      "p":0.7564102564,
      "r":0.7662337662,
      "f":0.7612903226
    },
    "PER":{
      "p":0.8676470588,
      "r":0.921875,
      "f":0.8939393939
    },
    "LOC":{
      "p":0.7536231884,
      "r":0.8125,
      "f":0.7819548872
    },
    "ORG":{
      "p":0.8266666667,
      "r":0.5904761905,
      "f":0.6888888889
    }
  },
  "speed":14894.8811827
}