{
  "token_acc":0.9991230634,
  "token_p":0.9972230342,
  "token_r":0.9978063761,
  "token_f":0.9975146199,
  "tag_acc":0.9876362572,
  "pos_acc":0.9867583583,
  "morph_acc":0.9835393957,
  "morph_micro_p":0.9923784081,
  "morph_micro_r":0.9888045095,
  "morph_micro_f":0.9905882353,
  "morph_per_feat":{
    "NumType":{
      "p":1.0,
      "r":0.9919354839,
      "f":0.995951417
    },
    "Degree":{
      "p":0.9880478088,
      "r":0.9763779528,
      "f":0.9821782178
    },
    "Number":{
      "p":0.9878253568,
      "r":0.9845188285,
      "f":0.986169321
    },
    "Definite":{
      "p":0.9904214559,
      "r":0.9853875476,
      "f":0.9878980892
    },
    "Gender":{
      "p":0.9868972746,
      "r":0.9807291667,
      "f":0.9838035528
    },
    "Mood":{
      "p":0.9986072423,
      "r":0.9972183588,
      "f":0.9979123173
    },
    "Tense":{
      "p":0.990960452,
      "r":0.9965909091,
      "f":0.9937677054
    },
    "VerbForm":{
      "p":0.9918330309,
      "r":0.9945404914,
      "f":0.9931849159
    },
    "Voice":{
      "p":0.9978425027,
      "r":0.9946236559,
      "f":0.9962304793
    },
    "AdpType":{
      "p":1.0,
      "r":0.9986263736,
      "f":0.9993127148
    },
    "PronType":{
      "p":0.997311828,
      "r":0.9946380697,
      "f":0.9959731544
    },
    "Case":{
      "p":1.0,
      "r":0.9880382775,
      "f":0.9939831528
    },
    "Person":{
      "p":1.0,
      "r":0.9948453608,
      "f":0.9974160207
    },
    "Number[psor]":{
      "p":1.0,
      "r":1.0,
      "f":1.0
    },
    "Poss":{
      "p":1.0,
      "r":1.0,
      "f":1.0
    },
    "PartType":{
      "p":1.0,
      "r":1.0,
      "f":1.0
    },
    "Reflex":{
      "p":1.0,
      "r":1.0,
      "f":1.0
    },
    "Style":{
      "p":1.0,
      "r":1.0,
      "f":1.0
    },
    "Polite":{
      "p":0.0,
      "r":0.0,
      "f":0.0
    },
    "Foreign":{
      "p":1.0,
      "r":0.2,
      "f":0.3333333333
    }
  },
  "lemma_acc":0.9631417288,
  "sents_p":0.9745547074,
  "sents_r":0.9671717172,
  "sents_f":0.9708491762,
  "dep_uas":0.9069926483,
  "dep_las":0.8806837607,
  "dep_las_per_type":{
    "nummod":{
      "p":0.9333333333,
      "r":0.8860759494,
      "f":0.9090909091
    },
    "amod":{
      "p":0.8735632184,
      "r":0.8786127168,
      "f":0.8760806916
    },
    "nmod":{
      "p":0.780730897,
      "r":0.7781456954,
      "f":0.7794361526
    },
    "nsubj":{
      "p":0.9553846154,
      "r":0.9509954058,
      "f":0.9531849578
    },
    "flat":{
      "p":0.9212598425,
      "r":0.9435483871,
      "f":0.9322709163
    },
    "cc":{
      "p":0.875,
      "r":0.875,
      "f":0.875
    },
    "conj":{
      "p":0.8471615721,
      "r":0.8471615721,
      "f":0.8471615721
    },
    "root":{
      "p":0.9363867684,
      "r":0.9292929293,
      "f":0.9328263625
    },
    "advmod":{
      "p":0.8544303797,
      "r":0.8672376874,
      "f":0.8607863974
    },
    "mark":{
      "p":0.9237804878,
      "r":0.9294478528,
      "f":0.9266055046
    },
    "aux":{
      "p":0.9692982456,
      "r":0.9735682819,
      "f":0.9714285714
    },
    "ccomp":{
      "p":0.7424242424,
      "r":0.8909090909,
      "f":0.8099173554
    },
    "case":{
      "p":0.9323899371,
      "r":0.9236760125,
      "f":0.9280125196
    },
    "det":{
      "p":0.9515151515,
      "r":0.9486404834,
      "f":0.950075643
    },
    "obl":{
      "p":0.8337236534,
      "r":0.8183908046,
      "f":0.8259860789
    },
    "nmod:poss":{
      "p":0.7941176471,
      "r":0.8181818182,
      "f":0.8059701493
    },
    "obj":{
      "p":0.9083333333,
      "r":0.9237288136,
      "f":0.9159663866
    },
    "cop":{
      "p":0.8571428571,
      "r":0.8947368421,
      "f":0.8755364807
    },
    "acl:relcl":{
      "p":0.7787610619,
      "r":0.7272727273,
      "f":0.7521367521
    },
    "compound:prt":{
      "p":0.4761904762,
      "r":0.4,
      "f":0.4347826087
    },
    "advcl":{
      "p":0.775862069,
      "r":0.8181818182,
      "f":0.796460177
    },
    "fixed":{
      "p":0.9487179487,
      "r":0.880952381,
      "f":0.9135802469
    },
    "iobj":{
      "p":0.75,
      "r":0.6,
      "f":0.6666666667
    },
    "appos":{
      "p":0.6666666667,
      "r":0.5454545455,
      "f":0.6
    },
    "obl:tmod":{
      "p":0.8333333333,
      "r":0.3571428571,
      "f":0.5
    },
    "xcomp":{
      "p":0.8666666667,
      "r":0.6046511628,
      "f":0.7123287671
    },
    "dep":{
      "p":0.1724137931,
      "r":0.5263157895,
      "f":0.2597402597
    },
    "advmod:lmod":{
      "p":0.8484848485,
      "r":0.7777777778,
      "f":0.8115942029
    },
    "expl":{
      "p":0.9130434783,
      "r":0.875,
      "f":0.8936170213
    },
    "discourse":{
      "p":0.0,
      "r":0.0,
      "f":0.0
    },
    "list":{
      "p":0.3636363636,
      "r":0.25,
      "f":0.2962962963
    },
    "obl:lmod":{
      "p":0.0,
      "r":0.0,
      "f":0.0
    },
    "parataxis":{
      "p":0.0,
      "r":0.0,
      "f":0.0
    },
    "orphan":{
      "p":0.0,
      "r":0.0,
      "f":0.0
    },
    "vocative":{
      "p":0.0,
      "r":0.0,
      "f":0.0
    }
  },
  "ents_p":0.8520547945,
  "ents_r":0.8315508021,
  "ents_f":0.8416779432,
  "ents_per_type":{
    "MISC":{
      "p":0.7368421053,
      "r":0.7272727273,
      "f":0.7320261438
    },
    "PER":{
      "p":0.9444444444,
      "r":0.9296875,
      "f":0.937007874
    },
    "LOC":{
      "p":0.8382352941,
      "r":0.890625,
      "f":0.8636363636
    },
    "ORG":{
      "p":0.8315789474,
      "r":0.7523809524,
      "f":0.79
    }
  },
  "speed":10764.0389752291
}