{
  "token_acc":0.9991230634,
  "token_p":0.9972230342,
  "token_r":0.9978063761,
  "token_f":0.9975146199,
  "tag_acc":0.9788603613,
  "pos_acc":0.9792992466,
  "morph_acc":0.9690585912,
  "morph_micro_p":0.9857774968,
  "morph_micro_r":0.9767478274,
  "morph_micro_f":0.9812418892,
  "morph_per_feat":{
    "NumType":{
      "p":0.9917355372,
      "r":0.9677419355,
      "f":0.9795918367
    },
    "Degree":{
      "p":0.9857433809,
      "r":0.9527559055,
      "f":0.968968969
    },
    "Number":{
      "p":0.9835164835,
      "r":0.9736401674,
      "f":0.9785534062
    },
    "Definite":{
      "p":0.9877970456,
      "r":0.9771283355,
      "f":0.9824337272
    },
    "Gender":{
      "p":0.963312369,
      "r":0.9572916667,
      "f":0.960292581
    },
    "Mood":{
      "p":0.9985935302,
      "r":0.9874826147,
      "f":0.993006993
    },
    "Tense":{
      "p":0.9851428571,
      "r":0.9795454545,
      "f":0.9823361823
    },
    "VerbForm":{
      "p":0.9880952381,
      "r":0.9818016379,
      "f":0.9849383843
    },
    "Voice":{
      "p":0.9989142237,
      "r":0.9892473118,
      "f":0.9940572663
    },
    "AdpType":{
      "p":1.0,
      "r":0.9958791209,
      "f":0.9979353063
    },
    "PronType":{
      "p":0.9919463087,
      "r":0.990616622,
      "f":0.9912810195
    },
    "Case":{
      "p":0.9951807229,
      "r":0.9880382775,
      "f":0.9915966387
    },
    "Person":{
      "p":0.9896907216,
      "r":0.9896907216,
      "f":0.9896907216
    },
    "Number[psor]":{
      "p":0.9482758621,
      "r":0.9482758621,
      "f":0.9482758621
    },
    "Poss":{
      "p":0.9827586207,
      "r":0.9827586207,
      "f":0.9827586207
    },
    "PartType":{
      "p":1.0,
      "r":0.9944134078,
      "f":0.9971988796
    },
    "Reflex":{
      "p":1.0,
      "r":1.0,
      "f":1.0
    },
    "Style":{
      "p":1.0,
      "r":0.5,
      "f":0.6666666667
    },
    "Polite":{
      "p":0.0,
      "r":0.0,
      "f":0.0
    },
    "Foreign":{
      "p":1.0,
      "r":0.2,
      "f":0.3333333333
    }
  },
  "lemma_acc":0.9198478865,
  "sents_p":0.8972431078,
  "sents_r":0.904040404,
  "sents_f":0.9006289308,
  "dep_uas":0.8788862316,
  "dep_las":0.8442090878,
  "dep_las_per_type":{
    "nummod":{
      "p":0.9275362319,
      "r":0.8101265823,
      "f":0.8648648649
    },
    "amod":{
      "p":0.8534482759,
      "r":0.8583815029,
      "f":0.855907781
    },
    "nmod":{
      "p":0.7016949153,
      "r":0.6854304636,
      "f":0.6934673367
    },
    "nsubj":{
      "p":0.9266770671,
      "r":0.9096477795,
      "f":0.9180834621
    },
    "flat":{
      "p":0.7986111111,
      "r":0.9274193548,
      "f":0.8582089552
    },
    "cc":{
      "p":0.8743961353,
      "r":0.8701923077,
      "f":0.8722891566
    },
    "conj":{
      "p":0.8063063063,
      "r":0.7816593886,
      "f":0.7937915743
    },
    "root":{
      "p":0.8668341709,
      "r":0.8712121212,
      "f":0.8690176322
    },
    "advmod":{
      "p":0.8113207547,
      "r":0.8286937901,
      "f":0.8199152542
    },
    "mark":{
      "p":0.9158878505,
      "r":0.9018404908,
      "f":0.9088098918
    },
    "aux":{
      "p":0.9817351598,
      "r":0.9471365639,
      "f":0.9641255605
    },
    "ccomp":{
      "p":0.75,
      "r":0.8181818182,
      "f":0.7826086957
    },
    "case":{
      "p":0.9166666667,
      "r":0.9080996885,
      "f":0.9123630673
    },
    "det":{
      "p":0.9317507418,
      "r":0.9486404834,
      "f":0.9401197605
    },
    "obl":{
      "p":0.8130841121,
      "r":0.8,
      "f":0.8064889919
    },
    "nmod:poss":{
      "p":0.7971014493,
      "r":0.8333333333,
      "f":0.8148148148
    },
    "obj":{
      "p":0.8579234973,
      "r":0.8870056497,
      "f":0.8722222222
    },
    "cop":{
      "p":0.8205128205,
      "r":0.8421052632,
      "f":0.8311688312
    },
    "acl:relcl":{
      "p":0.7226890756,
      "r":0.7107438017,
      "f":0.7166666667
    },
    "compound:prt":{
      "p":0.4583333333,
      "r":0.44,
      "f":0.4489795918
    },
    "advcl":{
      "p":0.6666666667,
      "r":0.7272727273,
      "f":0.6956521739
    },
    "fixed":{
      "p":0.847826087,
      "r":0.9285714286,
      "f":0.8863636364
    },
    "iobj":{
      "p":0.625,
      "r":0.5,
      "f":0.5555555556
    },
    "dep":{
      "p":0.0597014925,
      "r":0.2105263158,
      "f":0.0930232558
    },
    "appos":{
      "p":0.5714285714,
      "r":0.3636363636,
      "f":0.4444444444
    },
    "obl:tmod":{
      "p":0.5,
      "r":0.2142857143,
      "f":0.3
    },
    "xcomp":{
      "p":0.6111111111,
      "r":0.511627907,
      "f":0.5569620253
    },
    "advmod:lmod":{
      "p":0.9310344828,
      "r":0.75,
      "f":0.8307692308
    },
    "expl":{
      "p":0.9130434783,
      "r":0.875,
      "f":0.8936170213
    },
    "discourse":{
      "p":0.0,
      "r":0.0,
      "f":0.0
    },
    "list":{
      "p":0.5,
      "r":0.1875,
      "f":0.2727272727
    },
    "obl:lmod":{
      "p":0.0,
      "r":0.0,
      "f":0.0
    },
    "parataxis":{
      "p":0.0,
      "r":0.0,
      "f":0.0
    },
    "orphan":{
      "p":0.0,
      "r":0.0,
      "f":0.0
    },
    "vocative":{
      "p":0.0,
      "r":0.0,
      "f":0.0
    }
  },
  "ents_p":0.7611111111,
  "ents_r":0.7326203209,
  "ents_f":0.7465940054,
  "ents_per_type":{
    "MISC":{
      "p":0.5375,
      "r":0.5584415584,
      "f":0.5477707006
    },
    "PER":{
      "p":0.9256198347,
      "r":0.875,
      "f":0.8995983936
    },
    "LOC":{
      "p":0.776119403,
      "r":0.8125,
      "f":0.7938931298
    },
    "ORG":{
      "p":0.7282608696,
      "r":0.6380952381,
      "f":0.6802030457
    }
  },
  "speed":14703.1796570821
}