{
  "token_acc":0.9992643453,
  "token_p":0.9977930358,
  "token_r":0.9981601864,
  "token_f":0.9979765773,
  "tag_acc":0.5578798847,
  "pos_acc":0.6031531808,
  "morph_acc":0.5641717791,
  "morph_micro_p":0.6631782322,
  "morph_micro_r":0.5330313814,
  "morph_micro_f":0.5910248592,
  "morph_per_feat":{
    "Definite":{
      "p":0.5749174917,
      "r":0.4443877551,
      "f":0.501294964
    },
    "Gender":{
      "p":0.6134786918,
      "r":0.5261368466,
      "f":0.5664607641
    },
    "Number":{
      "p":0.6990208599,
      "r":0.5613675214,
      "f":0.6226772848
    },
    "PartType":{
      "p":0.9375,
      "r":0.9375,
      "f":0.9375
    },
    "Mood":{
      "p":0.6558558559,
      "r":0.4262295082,
      "f":0.5166784954
    },
    "Tense":{
      "p":0.5844544096,
      "r":0.3781431335,
      "f":0.4591896653
    },
    "VerbForm":{
      "p":0.55,
      "r":0.4039785769,
      "f":0.4658138509
    },
    "Voice":{
      "p":0.634751773,
      "r":0.4811827957,
      "f":0.5474006116
    },
    "PronType":{
      "p":0.8252314815,
      "r":0.7966480447,
      "f":0.8106878908
    },
    "Degree":{
      "p":0.4966216216,
      "r":0.2355769231,
      "f":0.3195652174
    },
    "AdpType":{
      "p":0.6637848223,
      "r":0.7970011534,
      "f":0.7243186583
    },
    "Case":{
      "p":0.8183908046,
      "r":0.6872586873,
      "f":0.7471143757
    },
    "Person":{
      "p":0.8430493274,
      "r":0.8245614035,
      "f":0.8337028825
    },
    "Reflex":{
      "p":0.9444444444,
      "r":0.9622641509,
      "f":0.953271028
    },
    "Number[psor]":{
      "p":0.9285714286,
      "r":0.776119403,
      "f":0.8455284553
    },
    "Poss":{
      "p":0.9285714286,
      "r":0.776119403,
      "f":0.8455284553
    },
    "Style":{
      "p":1.0,
      "r":0.4,
      "f":0.5714285714
    },
    "NumType":{
      "p":0.4705882353,
      "r":0.1415929204,
      "f":0.2176870748
    },
    "Polite":{
      "p":0.5,
      "r":0.3333333333,
      "f":0.4
    },
    "Foreign":{
      "p":0.0,
      "r":0.0,
      "f":0.0
    }
  },
  "sents_p":0.7339055794,
  "sents_r":0.7826086957,
  "sents_f":0.7574750831,
  "dep_uas":0.5265471043,
  "dep_las":0.422485291,
  "dep_las_per_type":{
    "nsubj":{
      "p":0.4032459426,
      "r":0.4278145695,
      "f":0.4151670951
    },
    "acl:relcl":{
      "p":0.3223140496,
      "r":0.234939759,
      "f":0.2717770035
    },
    "mark":{
      "p":0.6717325228,
      "r":0.6155988858,
      "f":0.6424418605
    },
    "obj":{
      "p":0.322,
      "r":0.3585746102,
      "f":0.3393045311
    },
    "det":{
      "p":0.5209713024,
      "r":0.5714285714,
      "f":0.545034642
    },
    "amod":{
      "p":0.4190140845,
      "r":0.5384615385,
      "f":0.4712871287
    },
    "advmod":{
      "p":0.276119403,
      "r":0.2044198895,
      "f":0.2349206349
    },
    "case":{
      "p":0.6,
      "r":0.6802096986,
      "f":0.6375921376
    },
    "obl":{
      "p":0.1996726678,
      "r":0.2411067194,
      "f":0.218442256
    },
    "cop":{
      "p":0.5125,
      "r":0.6119402985,
      "f":0.5578231293
    },
    "root":{
      "p":0.391025641,
      "r":0.4187643021,
      "f":0.4044198895
    },
    "cc":{
      "p":0.6466165414,
      "r":0.6417910448,
      "f":0.6441947566
    },
    "conj":{
      "p":0.2756410256,
      "r":0.2876254181,
      "f":0.2815057283
    },
    "nmod":{
      "p":0.3383685801,
      "r":0.2962962963,
      "f":0.3159379408
    },
    "aux":{
      "p":0.5178571429,
      "r":0.537037037,
      "f":0.5272727273
    },
    "nmod:poss":{
      "p":0.2727272727,
      "r":0.0947368421,
      "f":0.140625
    },
    "iobj":{
      "p":0.2,
      "r":0.0526315789,
      "f":0.0833333333
    },
    "advcl":{
      "p":0.1981981982,
      "r":0.1848739496,
      "f":0.1913043478
    },
    "compound:prt":{
      "p":0.1111111111,
      "r":0.0625,
      "f":0.08
    },
    "dep":{
      "p":0.0294117647,
      "r":0.0277777778,
      "f":0.0285714286
    },
    "ccomp":{
      "p":0.2592592593,
      "r":0.2258064516,
      "f":0.2413793103
    },
    "advmod:lmod":{
      "p":0.2558139535,
      "r":0.2244897959,
      "f":0.2391304348
    },
    "xcomp":{
      "p":0.3333333333,
      "r":0.0555555556,
      "f":0.0952380952
    },
    "vocative":{
      "p":0.0,
      "r":0.0,
      "f":0.0
    },
    "expl":{
      "p":0.6279069767,
      "r":0.6279069767,
      "f":0.6279069767
    },
    "flat":{
      "p":0.5,
      "r":0.625,
      "f":0.5555555556
    },
    "nummod":{
      "p":0.5833333333,
      "r":0.4242424242,
      "f":0.4912280702
    },
    "list":{
      "p":0.0,
      "r":0.0,
      "f":0.0
    },
    "fixed":{
      "p":0.7727272727,
      "r":0.3541666667,
      "f":0.4857142857
    },
    "appos":{
      "p":0.4,
      "r":0.1176470588,
      "f":0.1818181818
    },
    "obl:tmod":{
      "p":0.5,
      "r":0.125,
      "f":0.2
    },
    "acl":{
      "p":0.0,
      "r":0.0,
      "f":0.0
    },
    "obl:lmod":{
      "p":0.0,
      "r":0.0,
      "f":0.0
    },
    "orphan":{
      "p":0.0,
      "r":0.0,
      "f":0.0
    },
    "parataxis":{
      "p":0.0,
      "r":0.0,
      "f":0.0
    },
    "discourse":{
      "p":0.0,
      "r":0.0,
      "f":0.0
    }
  },
  "ents_p":null,
  "ents_r":null,
  "ents_f":null,
  "ents_per_type":null,
  "speed":10860.8434025293
}