{
  "token_acc":0.9991230634,
  "token_p":0.9972230342,
  "token_r":0.9978063761,
  "token_f":0.9975146199,
  "tag_acc":0.9452896431,
  "pos_acc":0.9499707431,
  "morph_acc":0.9417014117,
  "morph_micro_p":0.9606168446,
  "morph_micro_r":0.9509903703,
  "morph_micro_f":0.955779369,
  "morph_per_feat":{
    "NumType":{
      "p":0.9752066116,
      "r":0.9516129032,
      "f":0.9632653061
    },
    "Degree":{
      "p":0.9334677419,
      "r":0.9114173228,
      "f":0.922310757
    },
    "Number":{
      "p":0.9569438582,
      "r":0.9485355649,
      "f":0.9527211599
    },
    "Definite":{
      "p":0.9459111397,
      "r":0.9332909784,
      "f":0.9395586824
    },
    "Gender":{
      "p":0.9369369369,
      "r":0.9208333333,
      "f":0.9288153402
    },
    "Mood":{
      "p":0.9816901408,
      "r":0.9694019471,
      "f":0.9755073478
    },
    "Tense":{
      "p":0.9448818898,
      "r":0.9545454545,
      "f":0.9496890899
    },
    "VerbForm":{
      "p":0.9518619437,
      "r":0.9535941765,
      "f":0.9527272727
    },
    "Voice":{
      "p":0.9836244541,
      "r":0.9688172043,
      "f":0.9761646804
    },
    "AdpType":{
      "p":0.9986111111,
      "r":0.9876373626,
      "f":0.9930939227
    },
    "PronType":{
      "p":0.9852546917,
      "r":0.9852546917,
      "f":0.9852546917
    },
    "Case":{
      "p":0.9780487805,
      "r":0.9593301435,
      "f":0.9685990338
    },
    "Person":{
      "p":0.9870801034,
      "r":0.9845360825,
      "f":0.9858064516
    },
    "Number[psor]":{
      "p":1.0,
      "r":0.9827586207,
      "f":0.9913043478
    },
    "Poss":{
      "p":1.0,
      "r":0.9827586207,
      "f":0.9913043478
    },
    "PartType":{
      "p":1.0,
      "r":0.9888268156,
      "f":0.9943820225
    },
    "Reflex":{
      "p":1.0,
      "r":1.0,
      "f":1.0
    },
    "Foreign":{
      "p":0.5,
      "r":0.2,
      "f":0.2857142857
    },
    "Style":{
      "p":1.0,
      "r":0.75,
      "f":0.8571428571
    },
    "Polite":{
      "p":0.0,
      "r":0.0,
      "f":0.0
    }
  },
  "sents_p":0.8822055138,
  "sents_r":0.8888888889,
  "sents_f":0.8855345912,
  "dep_uas":0.8045132063,
  "dep_las":0.7564102564,
  "dep_las_per_type":{
    "nummod":{
      "p":0.8133333333,
      "r":0.7721518987,
      "f":0.7922077922
    },
    "amod":{
      "p":0.7873563218,
      "r":0.7919075145,
      "f":0.7896253602
    },
    "nmod":{
      "p":0.6308243728,
      "r":0.582781457,
      "f":0.6058519793
    },
    "nsubj":{
      "p":0.8174962293,
      "r":0.8300153139,
      "f":0.8237082067
    },
    "flat":{
      "p":0.8793103448,
      "r":0.8225806452,
      "f":0.85
    },
    "cc":{
      "p":0.8009478673,
      "r":0.8125,
      "f":0.8066825776
    },
    "conj":{
      "p":0.6140350877,
      "r":0.6113537118,
      "f":0.6126914661
    },
    "root":{
      "p":0.8170426065,
      "r":0.8232323232,
      "f":0.8201257862
    },
    "advmod":{
      "p":0.694092827,
      "r":0.704496788,
      "f":0.6992561105
    },
    "mark":{
      "p":0.85,
      "r":0.8343558282,
      "f":0.8421052632
    },
    "aux":{
      "p":0.88,
      "r":0.872246696,
      "f":0.8761061947
    },
    "ccomp":{
      "p":0.619047619,
      "r":0.7090909091,
      "f":0.6610169492
    },
    "case":{
      "p":0.882629108,
      "r":0.8785046729,
      "f":0.8805620609
    },
    "det":{
      "p":0.875739645,
      "r":0.8942598187,
      "f":0.8849028401
    },
    "obl":{
      "p":0.6421800948,
      "r":0.6229885057,
      "f":0.6324387398
    },
    "nmod:poss":{
      "p":0.652173913,
      "r":0.6818181818,
      "f":0.6666666667
    },
    "obj":{
      "p":0.7205128205,
      "r":0.7937853107,
      "f":0.7553763441
    },
    "cop":{
      "p":0.7295081967,
      "r":0.7807017544,
      "f":0.7542372881
    },
    "acl:relcl":{
      "p":0.5365853659,
      "r":0.5454545455,
      "f":0.5409836066
    },
    "compound:prt":{
      "p":0.375,
      "r":0.36,
      "f":0.3673469388
    },
    "advcl":{
      "p":0.619047619,
      "r":0.5909090909,
      "f":0.6046511628
    },
    "fixed":{
      "p":0.8717948718,
      "r":0.8095238095,
      "f":0.8395061728
    },
    "iobj":{
      "p":0.2857142857,
      "r":0.2,
      "f":0.2352941176
    },
    "dep":{
      "p":0.0769230769,
      "r":0.2105263158,
      "f":0.1126760563
    },
    "list":{
      "p":0.3333333333,
      "r":0.1875,
      "f":0.24
    },
    "appos":{
      "p":0.5,
      "r":0.3636363636,
      "f":0.4210526316
    },
    "obl:tmod":{
      "p":0.6,
      "r":0.2142857143,
      "f":0.3157894737
    },
    "xcomp":{
      "p":0.6206896552,
      "r":0.4186046512,
      "f":0.5
    },
    "advmod:lmod":{
      "p":0.6176470588,
      "r":0.5833333333,
      "f":0.6
    },
    "expl":{
      "p":0.72,
      "r":0.75,
      "f":0.7346938776
    },
    "discourse":{
      "p":0.0,
      "r":0.0,
      "f":0.0
    },
    "obl:lmod":{
      "p":0.0,
      "r":0.0,
      "f":0.0
    },
    "parataxis":{
      "p":0.0,
      "r":0.0,
      "f":0.0
    },
    "orphan":{
      "p":0.0,
      "r":0.0,
      "f":0.0
    },
    "vocative":{
      "p":0.0,
      "r":0.0,
      "f":0.0
    }
  },
  "ents_p":0.6234939759,
  "ents_r":0.5534759358,
  "ents_f":0.5864022663,
  "ents_per_type":{
    "MISC":{
      "p":0.56,
      "r":0.5454545455,
      "f":0.5526315789
    },
    "ORG":{
      "p":0.5,
      "r":0.2952380952,
      "f":0.371257485
    },
    "PER":{
      "p":0.7606837607,
      "r":0.6953125,
      "f":0.7265306122
    },
    "LOC":{
      "p":0.5769230769,
      "r":0.703125,
      "f":0.6338028169
    }
  },
  "speed":32873.2323636643
}