{
  "token_acc":0.9991230634,
  "token_p":0.9972230342,
  "token_r":0.9978063761,
  "token_f":0.9975146199,
  "tag_acc":0.9856620337,
  "pos_acc":0.9852951935,
  "morph_acc":0.9816372814,
  "morph_micro_p":0.9915194346,
  "morph_micro_r":0.9885696391,
  "morph_micro_f":0.9900423397,
  "morph_per_feat":{
    "NumType":{
      "p":0.9917355372,
      "r":0.9677419355,
      "f":0.9795918367
    },
    "Degree":{
      "p":0.9879759519,
      "r":0.9704724409,
      "f":0.9791459782
    },
    "Number":{
      "p":0.985738255,
      "r":0.9832635983,
      "f":0.9844993716
    },
    "Definite":{
      "p":0.987244898,
      "r":0.9834815756,
      "f":0.9853596435
    },
    "Gender":{
      "p":0.986415883,
      "r":0.9833333333,
      "f":0.9848721961
    },
    "Mood":{
      "p":0.9986091794,
      "r":0.9986091794,
      "f":0.9986091794
    },
    "Tense":{
      "p":0.9920724802,
      "r":0.9954545455,
      "f":0.9937606353
    },
    "VerbForm":{
      "p":0.9927338783,
      "r":0.9945404914,
      "f":0.9936363636
    },
    "Voice":{
      "p":0.9989235737,
      "r":0.9978494624,
      "f":0.9983862292
    },
    "AdpType":{
      "p":1.0,
      "r":0.9986263736,
      "f":0.9993127148
    },
    "PronType":{
      "p":0.9959839357,
      "r":0.9973190349,
      "f":0.9966510382
    },
    "Case":{
      "p":1.0,
      "r":0.990430622,
      "f":0.9951923077
    },
    "Person":{
      "p":0.9974093264,
      "r":0.9922680412,
      "f":0.9948320413
    },
    "Number[psor]":{
      "p":1.0,
      "r":0.9827586207,
      "f":0.9913043478
    },
    "Poss":{
      "p":1.0,
      "r":0.9827586207,
      "f":0.9913043478
    },
    "PartType":{
      "p":1.0,
      "r":1.0,
      "f":1.0
    },
    "Reflex":{
      "p":1.0,
      "r":1.0,
      "f":1.0
    },
    "Style":{
      "p":1.0,
      "r":1.0,
      "f":1.0
    },
    "Polite":{
      "p":0.0,
      "r":0.0,
      "f":0.0
    },
    "Foreign":{
      "p":1.0,
      "r":0.4,
      "f":0.5714285714
    }
  },
  "lemma_acc":0.9613865731,
  "sents_p":0.9670886076,
  "sents_r":0.9646464646,
  "sents_f":0.9658659924,
  "dep_uas":0.8924813959,
  "dep_las":0.8617858365,
  "dep_las_per_type":{
    "nummod":{
      "p":0.8732394366,
      "r":0.7848101266,
      "f":0.8266666667
    },
    "amod":{
      "p":0.8859649123,
      "r":0.8757225434,
      "f":0.8808139535
    },
    "nmod":{
      "p":0.7124183007,
      "r":0.7218543046,
      "f":0.7171052632
    },
    "nsubj":{
      "p":0.9269406393,
      "r":0.932618683,
      "f":0.9297709924
    },
    "flat":{
      "p":0.9206349206,
      "r":0.935483871,
      "f":0.928
    },
    "cc":{
      "p":0.8632075472,
      "r":0.8798076923,
      "f":0.8714285714
    },
    "conj":{
      "p":0.8398268398,
      "r":0.8471615721,
      "f":0.8434782609
    },
    "root":{
      "p":0.8967254408,
      "r":0.898989899,
      "f":0.8978562421
    },
    "advmod":{
      "p":0.8347639485,
      "r":0.8329764454,
      "f":0.833869239
    },
    "mark":{
      "p":0.9347826087,
      "r":0.9233128834,
      "f":0.9290123457
    },
    "aux":{
      "p":0.9563318777,
      "r":0.9647577093,
      "f":0.9605263158
    },
    "ccomp":{
      "p":0.6811594203,
      "r":0.8545454545,
      "f":0.7580645161
    },
    "case":{
      "p":0.9275590551,
      "r":0.9174454829,
      "f":0.9224745497
    },
    "det":{
      "p":0.9373134328,
      "r":0.9486404834,
      "f":0.9429429429
    },
    "obl":{
      "p":0.8398058252,
      "r":0.7954022989,
      "f":0.8170011806
    },
    "nmod:poss":{
      "p":0.7941176471,
      "r":0.8181818182,
      "f":0.8059701493
    },
    "obj":{
      "p":0.8777777778,
      "r":0.8926553672,
      "f":0.8851540616
    },
    "cop":{
      "p":0.9090909091,
      "r":0.8771929825,
      "f":0.8928571429
    },
    "acl:relcl":{
      "p":0.6902654867,
      "r":0.6446280992,
      "f":0.6666666667
    },
    "compound:prt":{
      "p":0.5909090909,
      "r":0.52,
      "f":0.5531914894
    },
    "advcl":{
      "p":0.7213114754,
      "r":0.8,
      "f":0.7586206897
    },
    "fixed":{
      "p":0.9111111111,
      "r":0.9761904762,
      "f":0.9425287356
    },
    "iobj":{
      "p":0.75,
      "r":0.6,
      "f":0.6666666667
    },
    "appos":{
      "p":0.619047619,
      "r":0.5909090909,
      "f":0.6046511628
    },
    "obl:tmod":{
      "p":0.75,
      "r":0.4285714286,
      "f":0.5454545455
    },
    "xcomp":{
      "p":0.7333333333,
      "r":0.511627907,
      "f":0.602739726
    },
    "dep":{
      "p":0.1041666667,
      "r":0.2631578947,
      "f":0.1492537313
    },
    "advmod:lmod":{
      "p":0.75,
      "r":0.75,
      "f":0.75
    },
    "expl":{
      "p":0.875,
      "r":0.875,
      "f":0.875
    },
    "discourse":{
      "p":0.0,
      "r":0.0,
      "f":0.0
    },
    "list":{
      "p":0.25,
      "r":0.125,
      "f":0.1666666667
    },
    "obl:lmod":{
      "p":0.0,
      "r":0.0,
      "f":0.0
    },
    "parataxis":{
      "p":0.0,
      "r":0.0,
      "f":0.0
    },
    "orphan":{
      "p":0.0,
      "r":0.0,
      "f":0.0
    },
    "vocative":{
      "p":0.0,
      "r":0.0,
      "f":0.0
    }
  },
  "ents_p":0.8421052632,
  "ents_r":0.8128342246,
  "ents_f":0.8272108844,
  "ents_per_type":{
    "MISC":{
      "p":0.7714285714,
      "r":0.7012987013,
      "f":0.7346938776
    },
    "PER":{
      "p":0.8905109489,
      "r":0.953125,
      "f":0.920754717
    },
    "LOC":{
      "p":0.8028169014,
      "r":0.890625,
      "f":0.8444444444
    },
    "ORG":{
      "p":0.8554216867,
      "r":0.6761904762,
      "f":0.7553191489
    }
  },
  "speed":11268.9568643185
}