{
  "token_acc":0.9991230634,
  "token_p":0.9972230342,
  "token_r":0.9978063761,
  "token_f":0.9975146199,
  "tag_acc":0.9856641311,
  "pos_acc":0.9859566998,
  "morph_acc":0.9832516639,
  "morph_micro_p":0.9916692864,
  "morph_micro_r":0.9878650278,
  "morph_micro_f":0.9897635016,
  "morph_per_feat":{
    "NumType":{
      "p":1.0,
      "r":0.9677419355,
      "f":0.9836065574
    },
    "Degree":{
      "p":0.9859719439,
      "r":0.968503937,
      "f":0.9771598808
    },
    "Number":{
      "p":0.9903198653,
      "r":0.9845188285,
      "f":0.9874108267
    },
    "Definite":{
      "p":0.9853222719,
      "r":0.9809402795,
      "f":0.9831263929
    },
    "Gender":{
      "p":0.9863945578,
      "r":0.9817708333,
      "f":0.9840772644
    },
    "Mood":{
      "p":0.9986072423,
      "r":0.9972183588,
      "f":0.9979123173
    },
    "Tense":{
      "p":0.9909399773,
      "r":0.9943181818,
      "f":0.9926262053
    },
    "VerbForm":{
      "p":0.9918256131,
      "r":0.9936305732,
      "f":0.9927272727
    },
    "Voice":{
      "p":0.9978448276,
      "r":0.9956989247,
      "f":0.9967707212
    },
    "AdpType":{
      "p":1.0,
      "r":0.9972527473,
      "f":0.9986244842
    },
    "PronType":{
      "p":0.9959785523,
      "r":0.9959785523,
      "f":0.9959785523
    },
    "Case":{
      "p":0.9975961538,
      "r":0.9928229665,
      "f":0.9952038369
    },
    "Person":{
      "p":0.9948453608,
      "r":0.9948453608,
      "f":0.9948453608
    },
    "Number[psor]":{
      "p":1.0,
      "r":1.0,
      "f":1.0
    },
    "Poss":{
      "p":1.0,
      "r":1.0,
      "f":1.0
    },
    "PartType":{
      "p":1.0,
      "r":1.0,
      "f":1.0
    },
    "Reflex":{
      "p":1.0,
      "r":1.0,
      "f":1.0
    },
    "Foreign":{
      "p":0.6666666667,
      "r":0.4,
      "f":0.5
    },
    "Style":{
      "p":1.0,
      "r":0.75,
      "f":0.8571428571
    },
    "Polite":{
      "p":0.0,
      "r":0.0,
      "f":0.0
    }
  },
  "lemma_acc":0.9470528009,
  "sents_p":0.9187192118,
  "sents_r":0.9419191919,
  "sents_f":0.9301745636,
  "dep_uas":0.8907117833,
  "dep_las":0.8613176109,
  "dep_las_per_type":{
    "nummod":{
      "p":0.8507462687,
      "r":0.7215189873,
      "f":0.7808219178
    },
    "amod":{
      "p":0.9026548673,
      "r":0.8843930636,
      "f":0.8934306569
    },
    "nmod":{
      "p":0.71197411,
      "r":0.7284768212,
      "f":0.7201309329
    },
    "nsubj":{
      "p":0.9429012346,
      "r":0.9356814701,
      "f":0.9392774789
    },
    "flat":{
      "p":0.9516129032,
      "r":0.9516129032,
      "f":0.9516129032
    },
    "cc":{
      "p":0.8708133971,
      "r":0.875,
      "f":0.8729016787
    },
    "conj":{
      "p":0.8418803419,
      "r":0.8602620087,
      "f":0.8509719222
    },
    "root":{
      "p":0.8820638821,
      "r":0.9065656566,
      "f":0.8941469489
    },
    "advmod":{
      "p":0.8189473684,
      "r":0.8329764454,
      "f":0.8259023355
    },
    "mark":{
      "p":0.946875,
      "r":0.9294478528,
      "f":0.9380804954
    },
    "aux":{
      "p":0.9776785714,
      "r":0.9647577093,
      "f":0.9711751663
    },
    "ccomp":{
      "p":0.7818181818,
      "r":0.7818181818,
      "f":0.7818181818
    },
    "case":{
      "p":0.9228346457,
      "r":0.9127725857,
      "f":0.9177760376
    },
    "det":{
      "p":0.917888563,
      "r":0.9456193353,
      "f":0.931547619
    },
    "obl":{
      "p":0.8205741627,
      "r":0.7885057471,
      "f":0.8042203986
    },
    "nmod:poss":{
      "p":0.8028169014,
      "r":0.8636363636,
      "f":0.8321167883
    },
    "obj":{
      "p":0.863760218,
      "r":0.895480226,
      "f":0.879334258
    },
    "cop":{
      "p":0.8461538462,
      "r":0.8684210526,
      "f":0.8571428571
    },
    "acl:relcl":{
      "p":0.7297297297,
      "r":0.6694214876,
      "f":0.6982758621
    },
    "compound:prt":{
      "p":0.5909090909,
      "r":0.52,
      "f":0.5531914894
    },
    "advcl":{
      "p":0.7,
      "r":0.7636363636,
      "f":0.7304347826
    },
    "fixed":{
      "p":0.8510638298,
      "r":0.9523809524,
      "f":0.8988764045
    },
    "iobj":{
      "p":0.75,
      "r":0.6,
      "f":0.6666666667
    },
    "appos":{
      "p":0.5789473684,
      "r":0.5,
      "f":0.5365853659
    },
    "obl:tmod":{
      "p":0.5,
      "r":0.2142857143,
      "f":0.3
    },
    "xcomp":{
      "p":0.7931034483,
      "r":0.5348837209,
      "f":0.6388888889
    },
    "dep":{
      "p":0.0727272727,
      "r":0.2105263158,
      "f":0.1081081081
    },
    "advmod:lmod":{
      "p":0.8823529412,
      "r":0.8333333333,
      "f":0.8571428571
    },
    "expl":{
      "p":0.9130434783,
      "r":0.875,
      "f":0.8936170213
    },
    "discourse":{
      "p":0.0,
      "r":0.0,
      "f":0.0
    },
    "list":{
      "p":0.3571428571,
      "r":0.3125,
      "f":0.3333333333
    },
    "parataxis":{
      "p":0.0,
      "r":0.0,
      "f":0.0
    },
    "orphan":{
      "p":0.0,
      "r":0.0,
      "f":0.0
    },
    "obl:lmod":{
      "p":0.0,
      "r":0.0,
      "f":0.0
    },
    "vocative":{
      "p":0.0,
      "r":0.0,
      "f":0.0
    }
  },
  "ents_p":0.8360215054,
  "ents_r":0.8315508021,
  "ents_f":0.8337801609,
  "ents_per_type":{
    "MISC":{
      "p":0.6962025316,
      "r":0.7142857143,
      "f":0.7051282051
    },
    "PER":{
      "p":0.9523809524,
      "r":0.9375,
      "f":0.9448818898
    },
    "LOC":{
      "p":0.84375,
      "r":0.84375,
      "f":0.84375
    },
    "ORG":{
      "p":0.7961165049,
      "r":0.780952381,
      "f":0.7884615385
    }
  },
  "speed":11193.1376814516
}