{
  "token_acc":0.9989484649,
  "token_p":0.996597391,
  "token_r":0.9973097198,
  "token_f":0.9969534281,
  "tag_acc":0.9881596853,
  "pos_acc":0.9891977531,
  "morph_acc":0.9866846787,
  "morph_micro_p":0.9909166978,
  "morph_micro_r":0.9893599134,
  "morph_micro_f":0.9901376937,
  "morph_per_feat":{
    "AdpType":{
      "p":0.9996388588,
      "r":0.9979269941,
      "f":0.998782193
    },
    "Definite":{
      "p":0.9892566423,
      "r":0.9878687848,
      "f":0.9885622264
    },
    "Gender":{
      "p":0.9863901268,
      "r":0.9843317026,
      "f":0.9853598397
    },
    "Number":{
      "p":0.9894892835,
      "r":0.9879438843,
      "f":0.98871598
    },
    "Mood":{
      "p":0.9931217451,
      "r":0.9930241698,
      "f":0.993072955
    },
    "Tense":{
      "p":0.9893958869,
      "r":0.9905098922,
      "f":0.9899525762
    },
    "VerbForm":{
      "p":0.9889284558,
      "r":0.9880967784,
      "f":0.9885124422
    },
    "Voice":{
      "p":0.9944559945,
      "r":0.9920878783,
      "f":0.9932705249
    },
    "PronType":{
      "p":0.9959279154,
      "r":0.9959279154,
      "f":0.9959279154
    },
    "Degree":{
      "p":0.9856088099,
      "r":0.9820448878,
      "f":0.9838236213
    },
    "PartType":{
      "p":1.0,
      "r":0.9984819734,
      "f":0.9992404102
    },
    "Case":{
      "p":0.9950368236,
      "r":0.9905961109,
      "f":0.9928115016
    },
    "Person":{
      "p":0.995,
      "r":0.9953554841,
      "f":0.9951777103
    },
    "NumType":{
      "p":0.9962894249,
      "r":0.9823170732,
      "f":0.9892539146
    },
    "Number[psor]":{
      "p":0.9962871287,
      "r":0.9962871287,
      "f":0.9962871287
    },
    "Poss":{
      "p":0.9987684729,
      "r":0.9975399754,
      "f":0.9981538462
    },
    "Reflex":{
      "p":0.9984227129,
      "r":1.0,
      "f":0.999210734
    },
    "Style":{
      "p":0.9722222222,
      "r":0.9722222222,
      "f":0.9722222222
    },
    "Polite":{
      "p":0.962962963,
      "r":0.8387096774,
      "f":0.8965517241
    },
    "Foreign":{
      "p":0.9711538462,
      "r":0.9099099099,
      "f":0.9395348837
    },
    "Abbr":{
      "p":1.0,
      "r":0.875,
      "f":0.9333333333
    }
  },
  "sents_p":0.998912058,
  "sents_r":0.9994557329,
  "sents_f":0.9991838215,
  "dep_uas":0.9502531988,
  "dep_las":0.9391465656,
  "dep_las_per_type":{
    "case":{
      "p":0.9738642164,
      "r":0.9622717643,
      "f":0.968033286
    },
    "obl":{
      "p":0.9267813268,
      "r":0.9121392874,
      "f":0.9194020149
    },
    "aux":{
      "p":0.973968254,
      "r":0.9727330374,
      "f":0.9733502538
    },
    "nsubj":{
      "p":0.9574865429,
      "r":0.9606524854,
      "f":0.9590669014
    },
    "root":{
      "p":0.9629427793,
      "r":0.9617198839,
      "f":0.9623309431
    },
    "nmod":{
      "p":0.9263864219,
      "r":0.9063525777,
      "f":0.9162600039
    },
    "mark":{
      "p":0.9661323098,
      "r":0.9663504968,
      "f":0.966241391
    },
    "appos":{
      "p":0.9345794393,
      "r":0.8333333333,
      "f":0.8810572687
    },
    "flat":{
      "p":0.9610077984,
      "r":0.9744525547,
      "f":0.9676834793
    },
    "advcl":{
      "p":0.9024238658,
      "r":0.890797546,
      "f":0.8965730164
    },
    "advmod:lmod":{
      "p":0.9269662921,
      "r":0.8839285714,
      "f":0.9049360146
    },
    "det":{
      "p":0.9777777778,
      "r":0.9722425128,
      "f":0.9750022892
    },
    "amod":{
      "p":0.9566210046,
      "r":0.9479638009,
      "f":0.9522727273
    },
    "cc":{
      "p":0.947217806,
      "r":0.9421252372,
      "f":0.9446646583
    },
    "advmod":{
      "p":0.930846358,
      "r":0.9367858733,
      "f":0.9338066711
    },
    "conj":{
      "p":0.8971216871,
      "r":0.8910274554,
      "f":0.8940641863
    },
    "parataxis":{
      "p":0.0,
      "r":0.0,
      "f":0.0
    },
    "obj":{
      "p":0.9463193211,
      "r":0.9433405469,
      "f":0.9448275862
    },
    "dep":{
      "p":0.3240033927,
      "r":0.787628866,
      "f":0.4591346154
    },
    "compound:prt":{
      "p":0.9190751445,
      "r":0.807106599,
      "f":0.8594594595
    },
    "acl:relcl":{
      "p":0.9135166094,
      "r":0.8797573083,
      "f":0.8963191908
    },
    "cop":{
      "p":0.9395261845,
      "r":0.9562182741,
      "f":0.9477987421
    },
    "nummod":{
      "p":0.9608163265,
      "r":0.9431089744,
      "f":0.9518803073
    },
    "fixed":{
      "p":0.9593495935,
      "r":0.9593495935,
      "f":0.9593495935
    },
    "ccomp":{
      "p":0.9024793388,
      "r":0.9039735099,
      "f":0.9032258065
    },
    "nmod:poss":{
      "p":0.9183266932,
      "r":0.8951456311,
      "f":0.9065880039
    },
    "list":{
      "p":0.8571428571,
      "r":0.8442211055,
      "f":0.8506329114
    },
    "obl:tmod":{
      "p":0.9464285714,
      "r":0.803030303,
      "f":0.868852459
    },
    "expl":{
      "p":0.9635535308,
      "r":0.9591836735,
      "f":0.9613636364
    },
    "xcomp":{
      "p":0.9122541604,
      "r":0.8764534884,
      "f":0.8939955523
    },
    "iobj":{
      "p":0.9,
      "r":0.8598726115,
      "f":0.8794788274
    },
    "discourse":{
      "p":0.0,
      "r":0.0,
      "f":0.0
    },
    "obl:lmod":{
      "p":0.8333333333,
      "r":0.9,
      "f":0.8653846154
    },
    "vocative":{
      "p":0.0,
      "r":0.0,
      "f":0.0
    },
    "orphan":{
      "p":0.0,
      "r":0.0,
      "f":0.0
    },
    "nsubj:outer":{
      "p":0.0,
      "r":0.0,
      "f":0.0
    },
    "acl":{
      "p":0.0,
      "r":0.0,
      "f":0.0
    },
    "compound":{
      "p":0.0,
      "r":0.0,
      "f":0.0
    },
    "reparandum":{
      "p":0.0,
      "r":0.0,
      "f":0.0
    },
    "dislocated":{
      "p":0.0,
      "r":0.0,
      "f":0.0
    }
  },
  "ents_p":0.944579288,
  "ents_r":0.9264034914,
  "ents_f":0.9354031047,
  "ents_per_type":{
    "ORG":{
      "p":0.9340770791,
      "r":0.8746438746,
      "f":0.9033840118
    },
    "LOC":{
      "p":0.9431524548,
      "r":0.9505208333,
      "f":0.9468223087
    },
    "PER":{
      "p":0.9469413233,
      "r":0.9510971787,
      "f":0.9490147013
    },
    "MISC":{
      "p":0.9514644351,
      "r":0.9161966156,
      "f":0.9334975369
    }
  },
  "speed":76200.860421624
}