{
  "token_acc":0.9992023928,
  "token_p":0.9970089731,
  "token_r":0.9977052779,
  "token_f":0.9973570039,
  "tag_acc":0.943859474,
  "pos_acc":0.9463599621,
  "morph_acc":0.9349366331,
  "morph_micro_p":0.9549351624,
  "morph_micro_r":0.9452607012,
  "morph_micro_f":0.950073304,
  "morph_per_feat":{
    "NumType":{
      "p":0.9937888199,
      "r":0.9302325581,
      "f":0.960960961
    },
    "Degree":{
      "p":0.9155672823,
      "r":0.8966408269,
      "f":0.9060052219
    },
    "Number":{
      "p":0.9475335044,
      "r":0.936583991,
      "f":0.9420269313
    },
    "Definite":{
      "p":0.9423743501,
      "r":0.9306803594,
      "f":0.9364908504
    },
    "Gender":{
      "p":0.9317538897,
      "r":0.9235892043,
      "f":0.9276535821
    },
    "Mood":{
      "p":0.9662813102,
      "r":0.962571977,
      "f":0.9644230769
    },
    "Tense":{
      "p":0.9452269171,
      "r":0.941543258,
      "f":0.9433814916
    },
    "VerbForm":{
      "p":0.9414357683,
      "r":0.9378920954,
      "f":0.9396605908
    },
    "Voice":{
      "p":0.9685393258,
      "r":0.9642058166,
      "f":0.966367713
    },
    "AdpType":{
      "p":0.9990627929,
      "r":0.9907063197,
      "f":0.9948670089
    },
    "PronType":{
      "p":0.9873532069,
      "r":0.9864620939,
      "f":0.9869074492
    },
    "Foreign":{
      "p":0.0,
      "r":0.0,
      "f":0.0
    },
    "Case":{
      "p":0.9919354839,
      "r":0.9534883721,
      "f":0.9723320158
    },
    "Person":{
      "p":0.9947275923,
      "r":0.9809358752,
      "f":0.9877835951
    },
    "Number[psor]":{
      "p":1.0,
      "r":1.0,
      "f":1.0
    },
    "Poss":{
      "p":1.0,
      "r":1.0,
      "f":1.0
    },
    "PartType":{
      "p":1.0,
      "r":0.992481203,
      "f":0.9962264151
    },
    "Reflex":{
      "p":1.0,
      "r":1.0,
      "f":1.0
    },
    "Style":{
      "p":1.0,
      "r":1.0,
      "f":1.0
    },
    "Polite":{
      "p":0.75,
      "r":1.0,
      "f":0.8571428571
    },
    "Abbr":{
      "p":1.0,
      "r":0.5,
      "f":0.6666666667
    }
  },
  "sents_p":0.9876977153,
  "sents_r":0.9946902655,
  "sents_f":0.9911816578,
  "dep_uas":0.8013287488,
  "dep_las":0.7496503497,
  "dep_las_per_type":{
    "nummod":{
      "p":0.7672413793,
      "r":0.7876106195,
      "f":0.7772925764
    },
    "amod":{
      "p":0.7817164179,
      "r":0.7688073394,
      "f":0.7752081406
    },
    "nmod":{
      "p":0.5905172414,
      "r":0.5982532751,
      "f":0.5943600868
    },
    "nsubj":{
      "p":0.8176972281,
      "r":0.8116402116,
      "f":0.8146574615
    },
    "flat":{
      "p":0.8870967742,
      "r":0.8776595745,
      "f":0.8823529412
    },
    "cc":{
      "p":0.7908496732,
      "r":0.8013245033,
      "f":0.7960526316
    },
    "conj":{
      "p":0.5906432749,
      "r":0.5838150289,
      "f":0.5872093023
    },
    "root":{
      "p":0.8365553603,
      "r":0.8424778761,
      "f":0.8395061728
    },
    "advmod":{
      "p":0.7019089574,
      "r":0.7166416792,
      "f":0.7091988131
    },
    "mark":{
      "p":0.8698630137,
      "r":0.8485523385,
      "f":0.8590755355
    },
    "aux":{
      "p":0.88125,
      "r":0.8676923077,
      "f":0.8744186047
    },
    "ccomp":{
      "p":0.6315789474,
      "r":0.6075949367,
      "f":0.6193548387
    },
    "case":{
      "p":0.8556701031,
      "r":0.870933893,
      "f":0.8632345294
    },
    "det":{
      "p":0.8624031008,
      "r":0.8971774194,
      "f":0.8794466403
    },
    "obl":{
      "p":0.6463620981,
      "r":0.6053882726,
      "f":0.6252045827
    },
    "obj":{
      "p":0.6847457627,
      "r":0.7695238095,
      "f":0.7246636771
    },
    "nmod:poss":{
      "p":0.6451612903,
      "r":0.5504587156,
      "f":0.5940594059
    },
    "cop":{
      "p":0.7043010753,
      "r":0.8036809816,
      "f":0.7507163324
    },
    "acl:relcl":{
      "p":0.5574712644,
      "r":0.5300546448,
      "f":0.5434173669
    },
    "advcl":{
      "p":0.5909090909,
      "r":0.5,
      "f":0.5416666667
    },
    "compound:prt":{
      "p":0.5,
      "r":0.2352941176,
      "f":0.32
    },
    "fixed":{
      "p":0.8518518519,
      "r":0.7419354839,
      "f":0.7931034483
    },
    "iobj":{
      "p":0.3333333333,
      "r":0.0666666667,
      "f":0.1111111111
    },
    "appos":{
      "p":0.5277777778,
      "r":0.5,
      "f":0.5135135135
    },
    "obl:tmod":{
      "p":0.75,
      "r":0.1875,
      "f":0.3
    },
    "dep":{
      "p":0.1315789474,
      "r":0.3333333333,
      "f":0.1886792453
    },
    "xcomp":{
      "p":0.5283018868,
      "r":0.4375,
      "f":0.4786324786
    },
    "advmod:lmod":{
      "p":0.5818181818,
      "r":0.6666666667,
      "f":0.6213592233
    },
    "expl":{
      "p":0.8333333333,
      "r":0.7692307692,
      "f":0.8
    },
    "list":{
      "p":0.2941176471,
      "r":0.2941176471,
      "f":0.2941176471
    },
    "obl:lmod":{
      "p":0.0,
      "r":0.0,
      "f":0.0
    },
    "parataxis":{
      "p":0.0,
      "r":0.0,
      "f":0.0
    },
    "orphan":{
      "p":0.0,
      "r":0.0,
      "f":0.0
    },
    "vocative":{
      "p":0.0,
      "r":0.0,
      "f":0.0
    },
    "discourse":{
      "p":0.0,
      "r":0.0,
      "f":0.0
    },
    "dislocated":{
      "p":0.0,
      "r":0.0,
      "f":0.0
    },
    "compound":{
      "p":0.0,
      "r":0.0,
      "f":0.0
    }
  },
  "ents_p":0.6653620352,
  "ents_r":0.6093189964,
  "ents_f":0.6361085126,
  "ents_per_type":{
    "MISC":{
      "p":0.6055045872,
      "r":0.5454545455,
      "f":0.5739130435
    },
    "PER":{
      "p":0.7435897436,
      "r":0.8055555556,
      "f":0.7733333333
    },
    "LOC":{
      "p":0.5950413223,
      "r":0.75,
      "f":0.66359447
    },
    "ORG":{
      "p":0.6627906977,
      "r":0.3540372671,
      "f":0.4615384615
    }
  },
  "speed":47439.3337791345
}