{
  "token_acc":0.9992023928,
  "token_p":0.9970089731,
  "token_r":0.9977052779,
  "token_f":0.9973570039,
  "tag_acc":0.9439177727,
  "pos_acc":0.9473579163,
  "morph_acc":0.9351297405,
  "morph_micro_p":0.9574468085,
  "morph_micro_r":0.9452076593,
  "morph_micro_f":0.9512878687,
  "morph_per_feat":{
    "NumType":{
      "p":0.9700598802,
      "r":0.9418604651,
      "f":0.9557522124
    },
    "Degree":{
      "p":0.9222661397,
      "r":0.9043927649,
      "f":0.9132420091
    },
    "Number":{
      "p":0.949787234,
      "r":0.9436302142,
      "f":0.9466987134
    },
    "Definite":{
      "p":0.9483282675,
      "r":0.9345314506,
      "f":0.9413793103
    },
    "Gender":{
      "p":0.9292285916,
      "r":0.9204346302,
      "f":0.9248107061
    },
    "Mood":{
      "p":0.9764936337,
      "r":0.9568138196,
      "f":0.9665535628
    },
    "Tense":{
      "p":0.9520440252,
      "r":0.9438815277,
      "f":0.9479452055
    },
    "VerbForm":{
      "p":0.9487341772,
      "r":0.9404015056,
      "f":0.9445494644
    },
    "Voice":{
      "p":0.979498861,
      "r":0.9619686801,
      "f":0.9706546275
    },
    "AdpType":{
      "p":1.0,
      "r":0.9888475836,
      "f":0.9943925234
    },
    "PronType":{
      "p":0.9810126582,
      "r":0.9792418773,
      "f":0.9801264679
    },
    "Case":{
      "p":0.9854132901,
      "r":0.9426356589,
      "f":0.9635499208
    },
    "Person":{
      "p":0.9911190053,
      "r":0.9670710572,
      "f":0.9789473684
    },
    "Number[psor]":{
      "p":1.0,
      "r":0.987654321,
      "f":0.9937888199
    },
    "Poss":{
      "p":1.0,
      "r":0.987654321,
      "f":0.9937888199
    },
    "PartType":{
      "p":1.0,
      "r":0.984962406,
      "f":0.9924242424
    },
    "Reflex":{
      "p":1.0,
      "r":1.0,
      "f":1.0
    },
    "Foreign":{
      "p":0.0,
      "r":0.0,
      "f":0.0
    },
    "Style":{
      "p":1.0,
      "r":0.75,
      "f":0.8571428571
    },
    "Polite":{
      "p":1.0,
      "r":0.3333333333,
      "f":0.5
    },
    "Abbr":{
      "p":1.0,
      "r":0.5,
      "f":0.6666666667
    }
  },
  "sents_p":0.8035087719,
  "sents_r":0.810619469,
  "sents_f":0.8070484581,
  "dep_uas":0.7979715551,
  "dep_las":0.7483825844,
  "dep_las_per_type":{
    "nummod":{
      "p":0.7889908257,
      "r":0.7610619469,
      "f":0.7747747748
    },
    "amod":{
      "p":0.782527881,
      "r":0.7724770642,
      "f":0.7774699908
    },
    "nmod":{
      "p":0.5568862275,
      "r":0.6091703057,
      "f":0.5818561001
    },
    "nsubj":{
      "p":0.8258064516,
      "r":0.8126984127,
      "f":0.8192
    },
    "flat":{
      "p":0.8267326733,
      "r":0.8882978723,
      "f":0.8564102564
    },
    "cc":{
      "p":0.8187702265,
      "r":0.8377483444,
      "f":0.8281505728
    },
    "conj":{
      "p":0.6448598131,
      "r":0.598265896,
      "f":0.6206896552
    },
    "root":{
      "p":0.7843478261,
      "r":0.7982300885,
      "f":0.7912280702
    },
    "advmod":{
      "p":0.6757532281,
      "r":0.7061469265,
      "f":0.6906158358
    },
    "mark":{
      "p":0.8459821429,
      "r":0.8440979955,
      "f":0.845039019
    },
    "aux":{
      "p":0.8990536278,
      "r":0.8769230769,
      "f":0.8878504673
    },
    "ccomp":{
      "p":0.6811594203,
      "r":0.5949367089,
      "f":0.6351351351
    },
    "case":{
      "p":0.8647798742,
      "r":0.8656873033,
      "f":0.8652333508
    },
    "det":{
      "p":0.875739645,
      "r":0.8951612903,
      "f":0.8853439681
    },
    "obl":{
      "p":0.6587436333,
      "r":0.6148969889,
      "f":0.6360655738
    },
    "nmod:poss":{
      "p":0.5486725664,
      "r":0.5688073394,
      "f":0.5585585586
    },
    "obj":{
      "p":0.7575757576,
      "r":0.7619047619,
      "f":0.7597340931
    },
    "cop":{
      "p":0.7245508982,
      "r":0.7423312883,
      "f":0.7333333333
    },
    "acl:relcl":{
      "p":0.6184971098,
      "r":0.5846994536,
      "f":0.6011235955
    },
    "compound:prt":{
      "p":0.3571428571,
      "r":0.2941176471,
      "f":0.3225806452
    },
    "advcl":{
      "p":0.5093167702,
      "r":0.5256410256,
      "f":0.5173501577
    },
    "fixed":{
      "p":0.9056603774,
      "r":0.7741935484,
      "f":0.8347826087
    },
    "dep":{
      "p":0.1234567901,
      "r":0.3333333333,
      "f":0.1801801802
    },
    "iobj":{
      "p":0.4,
      "r":0.2666666667,
      "f":0.32
    },
    "appos":{
      "p":0.4482758621,
      "r":0.3421052632,
      "f":0.3880597015
    },
    "obl:tmod":{
      "p":0.5,
      "r":0.1875,
      "f":0.2727272727
    },
    "xcomp":{
      "p":0.5272727273,
      "r":0.453125,
      "f":0.487394958
    },
    "advmod:lmod":{
      "p":0.5681818182,
      "r":0.5208333333,
      "f":0.5434782609
    },
    "expl":{
      "p":0.7948717949,
      "r":0.7948717949,
      "f":0.7948717949
    },
    "list":{
      "p":0.3333333333,
      "r":0.1764705882,
      "f":0.2307692308
    },
    "obl:lmod":{
      "p":0.3333333333,
      "r":0.3333333333,
      "f":0.3333333333
    },
    "parataxis":{
      "p":0.0,
      "r":0.0,
      "f":0.0
    },
    "orphan":{
      "p":0.0,
      "r":0.0,
      "f":0.0
    },
    "vocative":{
      "p":0.0,
      "r":0.0,
      "f":0.0
    },
    "discourse":{
      "p":0.0,
      "r":0.0,
      "f":0.0
    },
    "dislocated":{
      "p":0.0,
      "r":0.0,
      "f":0.0
    },
    "compound":{
      "p":0.0,
      "r":0.0,
      "f":0.0
    }
  },
  "ents_p":null,
  "ents_r":null,
  "ents_f":null,
  "ents_per_type":null,
  "speed":12812.12334688
}